Javaエンジニア,Marvel株式会社,Javaを使いこなして、技術を社会に役立てたいITエンジニア募集！,https://www.wantedly.com/projects/560208
Javaエンジニア,株式会社ONE ACT,Java仲間を増やしたいJava好きエンジニアウォンテッド！,https://www.wantedly.com/projects/91340
Webエンジニア,株式会社ONE ACT,仲間と一緒に成長していきたいエンジニア募集！まだ卵も可。,https://www.wantedly.com/projects/271792
Javaエンジニア,株式会社ONE ACT,後輩を育ててみたい、ちょっと頼られたいエンジニアウォンテッド！,https://www.wantedly.com/projects/94685
WEBエンジニア,株式会社ONE ACT,一緒にプロジェクトチームを作っていきたいエンジニアWanted！,https://www.wantedly.com/projects/94064
WEBエンジニア,株式会社ONE ACT,ベンチャーで一緒に成長していきたいエンジニアWanted！,https://www.wantedly.com/projects/73724
開発エンジニア,株式会社ライブエスト,JAVAエンジニアになりたい方をWanted！経験がなくてもOK！,https://www.wantedly.com/projects/584579
JAVAエンジニア,株式会社ライブエスト,開発セクションの立ち上げメンバー！JAVAエンジニアを超絶Wanted！,https://www.wantedly.com/projects/458460
JAVAエンジニア,株式会社ライブエスト,先駆け的存在としてJOINしてくれるJAVAエンジニアwanted！,https://www.wantedly.com/projects/535087
JAVAエンジニア,株式会社ライブエスト,Java技術者が、いません！先駆け的存在としてJOINしてくれる人募集中！,https://www.wantedly.com/projects/459025
システムエンジニア,株式会社キューブエッジ,高難易度案件もなんのその！ハイレベルSESで成長したいIT技術者募集！,https://www.wantedly.com/projects/583321
Javaエンジニア,株式会社アスペア,フリーランス&社員のいいとこ取りができる、JavaエンジニアWanted！,https://www.wantedly.com/projects/319422
PHP/Javaエンジニア,株式会社アスペア,AIを利用した広告プラットフォームに携わるエンジニア Wanted！,https://www.wantedly.com/projects/322337
サーバーサイド（Go）,株式会社アスペア,自社開発の案件でGoにも挑戦したい、Java・PHP好きのエンジニア募集!,https://www.wantedly.com/projects/517270
Webエンジニア,株式会社レルモ,Webエンジニア　募集！！,https://www.wantedly.com/projects/571697
Java開発エンジニア,株式会社プラウドデータ,IT業界経験ゼロから起業した社長から学ぶ。Javaのエンジニア希望者を募集,https://www.wantedly.com/projects/330329
Java開発エンジニア,株式会社プラウドデータ,Java開発スキルを更に向上させたい。強い意志を持つエンジニアを募集！,https://www.wantedly.com/projects/324373
Javaエンジニア,株式会社プラウドデータ,JavaエンジニアをWanted！IT業界経験ゼロから起業した社長に学ぶ！,https://www.wantedly.com/projects/348432
Webエンジニア,株式会社C4C,自らの活躍をデザインする！即戦力JavaエンジニアをWanted！,https://www.wantedly.com/projects/581841
バックエンドエンジニア,株式会社C4C,時間の切り売りではなく現場でキャリアアップしたいJavaエンジニア大募集！,https://www.wantedly.com/projects/604864
バックエンドエンジニア,株式会社C4C,自分らしく働きたいJavaエンジニアを大募集！,https://www.wantedly.com/projects/591990
システムエンジニア,株式会社リヴィティエ,"Java,PHP|様々な顧客のシステム開発をリードするPMを募集!",https://www.wantedly.com/projects/561453
Webエンジニア,株式会社リヴィティエ,"Java,PHP|最新技術を駆使して開発をリードしたいSE・PGを大募集！",https://www.wantedly.com/projects/562074
ディベロッパー,フィデル・テクノロジーズ株式会社,アプリケーション開発に携わる！Java開発者募集,https://www.wantedly.com/projects/604571
開発エンジニア,フィデル・テクノロジーズ株式会社,クラウド・開発エンジニアとしての経歴をより豊かなものにしませんか？,https://www.wantedly.com/projects/534914
システムエンジニア,株式会社大洋産業,Javaを極めたくて何が悪い！！そんな貴方を待っていました。開発経験者募集,https://www.wantedly.com/projects/574785
Java／PHP／中途採用,株式会社リック,比べればわかる高還元！PHP・Java開発経験3年以上のエンジニアを募集！,https://www.wantedly.com/projects/402048
システムエンジニア,株式会社エーエスエル,言語不問！Webアプリ設計・開発。充実した福利厚生と希望に応じた環境を！,https://www.wantedly.com/projects/276902
システムエンジニア,株式会社エーエスエル,SE／穏やかな社風の当社で案件を選んでスキルアップしませんか！,https://www.wantedly.com/projects/473722
WEBエンジニア,株式会社さくらコマース,Javaの実務経験をお持ちの方をWanted！実務経験期間は不問です！,https://www.wantedly.com/projects/518655
キャリアアップしたいエンジニア,株式会社ＩＶＩシステムズ,Java言語経験者求む！大規模案件に携わりませんか？,https://www.wantedly.com/projects/615591
ホワイトSESで次のキャリアへ,株式会社ＩＶＩシステムズ,Java言語経験者求む！大規模案件に携わりませんか？,https://www.wantedly.com/projects/616275
Java / C / C++,株式会社エムティーアンドエス,ユーザの要望を自分で聞いて自分で実現したいエンジニア募集！,https://www.wantedly.com/projects/542128
Javaエンジニア,アジアクエスト株式会社,インプットできる環境で働きたいJavaエンジニア募集！,https://www.wantedly.com/projects/426933
SE・PG,アジアクエスト株式会社,"SE・PG大募集！社員の""やってみたい""を叶える会社で仕事しませんか？",https://www.wantedly.com/projects/271927
Webエンジニア,アジアクエスト株式会社,時間的制約のある方を積極募集中！ 家庭と両立したいサーバーサイドエンジニア,https://www.wantedly.com/projects/416603
SE・PG,アジアクエスト株式会社,あなたは技術ハンター！エンジニアWANTED!!,https://www.wantedly.com/projects/391803
SE・PG,アジアクエスト株式会社,スキル武装して目指せ！強強エンジニア！,https://www.wantedly.com/projects/391968
SE・PG,アジアクエスト株式会社,やってみたい！が叶う会社でエンジニア大募集,https://www.wantedly.com/projects/391640
SE（技術が好きな人、経験者）,フォーエム株式会社,お客様の課題解決に一緒に取り組んでくれるエンジニア募集,https://www.wantedly.com/projects/606848
SE（経験者、技術が好きな人）,フォーエム株式会社,スキルを着実に積み上げられる！マネジメントに携わりたいエンジニア募集,https://www.wantedly.com/projects/601966
システムエンジニア,株式会社アクトロード,システムエンジニア経験者、ＷＡＮＴＥＤ！会社の次世代を担う野心家求む！,https://www.wantedly.com/projects/573425
Railsエンジニア,株式会社mofmof,JavaからRailsに！キャリアチェンジしたいWebエンジニア募集！,https://www.wantedly.com/projects/624734
"PHP,Java,ios,#C",株式会社スタッフライフ,長期で継続する新規開発プロジェクトで経験を活かしたい！エンジニア募集,https://www.wantedly.com/projects/520365
"PHP,Java,ios,#C",株式会社スタッフライフ,面談より話をしよう！継続できる働き方、フロントエンジニアを募集！,https://www.wantedly.com/projects/501879
システムエンジニア,株式会社ディープコム,自動車メーカーのシステムをチームで開発　JAVAエンジニア募集,https://www.wantedly.com/projects/594130
システムエンジニア,株式会社ディープコム,クライアントの課題をチームで解決！JAVAエンジニア募集,https://www.wantedly.com/projects/578866
WEBエンジニア,株式会社ディープコム,20名がチームで対応中！!創業時から取引継続中のマスメディア系プロジェクト,https://www.wantedly.com/projects/588340
サーバーサイドエンジニア,株式会社メンバーズ 常駐型デジタルプロフェッショナルサービス,"技術向上を支援！学び合うJava,ScalaエンジニアWanted",https://www.wantedly.com/projects/249124
サーバーサイドエンジニア,株式会社メンバーズ 常駐型デジタルプロフェッショナルサービス,"仲間と共に社会課題解決に貢献したい！Java,Scalaエンジニア募集！",https://www.wantedly.com/projects/526348
サーバーサイドエンジニア,株式会社メンバーズ 常駐型デジタルプロフェッショナルサービス,"仲間と共に社会課題解決に貢献したい！Java,Scalaエンジニア募集！",https://www.wantedly.com/projects/523332
サーバーサイドエンジニア,株式会社メンバーズ 常駐型デジタルプロフェッショナルサービス,社会課題解決に貢献したい！Webアプリケーションエンジニア大募集！！,https://www.wantedly.com/projects/508079
サーバーサイドエンジニア,株式会社メンバーズ 常駐型デジタルプロフェッショナルサービス,仲間と共にスキルアップし続けたい！Webアプリケーションエンジニア募集！,https://www.wantedly.com/projects/520331
サーバーサイドエンジニア,株式会社メンバーズ 常駐型デジタルプロフェッショナルサービス,"仲間と共に社会課題解決に貢献したい！Java,Scalaエンジニア",https://www.wantedly.com/projects/500774
サーバーサイドエンジニア,株式会社メンバーズ 常駐型デジタルプロフェッショナルサービス,"仲間と共に社会課題解決に貢献したい！Java,Scalaエンジニア募集！",https://www.wantedly.com/projects/481439
サーバーサイドエンジニア,株式会社メンバーズ 常駐型デジタルプロフェッショナルサービス,"仲間と共にスキルアップしたい！Java,Scalaエンジニア募集！",https://www.wantedly.com/projects/510787
サーバーサイドエンジニア,株式会社メンバーズ 常駐型デジタルプロフェッショナルサービス,"仲間と共にスキルアップしたい！Java,Scalaエンジニア",https://www.wantedly.com/projects/513453
サーバーサイドエンジニア,株式会社メンバーズ 常駐型デジタルプロフェッショナルサービス,仲間とスキルアップし続けたい！Webアプリケーションエンジニア大募集！！,https://www.wantedly.com/projects/475822
サーバーサイドエンジニア,株式会社メンバーズ 常駐型デジタルプロフェッショナルサービス,"本当に成長できる環境に興味ありませんか？Java,Scalaエンジニア",https://www.wantedly.com/projects/465598
サーバーサイドエンジニア,株式会社メンバーズ 常駐型デジタルプロフェッショナルサービス,技術を磨き、顧客サービスをグロースするWebアプリケーションエンジニア募集,https://www.wantedly.com/projects/232019
JAVAやPythonにて開発,株式会社ワールド情報,挑戦し続ける環境で先端技術でスキルを付けていくフルスタックエンジニア募集！,https://www.wantedly.com/projects/462627
リモートワークOK／エンジニア,Growfit株式会社,Javaが大好き！フリーランスとして活躍したいエンジニアWanted！,https://www.wantedly.com/projects/551863
システムエンジニア,ITBRONX合同会社,金融系システムに興味ある方必見！上流工程から参画できるチャンス！！,https://www.wantedly.com/projects/539984
システムエンジニア,ITBRONX合同会社,少人数の会社で、事業拡大をめざし、一緒に活躍して頂ける方を募集中！！,https://www.wantedly.com/projects/546999
システムエンジニア,ITBRONX合同会社,銀行系案件拡大のためプロジェクトを牽引できる経験者エンジニアを探しています,https://www.wantedly.com/projects/584194
Javaエンジニア,株式会社アフェックス,ユーザ数多数の事業サービスでスキルを高めたい方！,https://www.wantedly.com/projects/298941
オープン系エンジニア,株式会社ティーエーシーホールディングス,安定と先進性のある現場で働こう！SESで未来を創るシステムエンジニア募集！,https://www.wantedly.com/projects/598652
Web系・OPEN系,株式会社ライズフォース,キャリアアップしたい人集まれ！会社の中核となるWebエンジニア募集！,https://www.wantedly.com/projects/249662
Web系・OPEN系,株式会社ライズフォース,RIFO初：一から作り上げることが好きなWeb立ち上げエンジニア募集！,https://www.wantedly.com/projects/312964
システムエンジニア,ヴァイタル・インフォメーション株式会社,パソコンより人が好き！最適なクラウド環境を構築するシステムエンジニア募集！,https://www.wantedly.com/projects/317072
JAVAエンジニア,株式会社GLITTERS,ECサイト拡張案件！　JAVAエンジニア集合！,https://www.wantedly.com/projects/526138
フルスタックエンジニア,株式会社GLITTERS,モダンなWebアプリ開発をしたいフルスタックエンジニア募集,https://www.wantedly.com/projects/551776
サーバーサイド,株式会社GLITTERS,ECサイト・リプレースプロジェクト！実装者募集,https://www.wantedly.com/projects/550673
Javaエンジニア,株式会社GLITTERS,Fintechサービスにチャレンジしませんか？Javaサーバサイド開発,https://www.wantedly.com/projects/570394
JAVA,株式会社GLITTERS,業界トップクラスの大手流通系企業における開発業務のご紹介～！,https://www.wantedly.com/projects/550070
JAVA,株式会社GLITTERS,車系メーカー案件！　JAVA　or　Python　経験者活躍中！,https://www.wantedly.com/projects/559599
Javaエンジニア,株式会社GLITTERS,セキュリティダッシュボード開発Java経験2年～募集,https://www.wantedly.com/projects/547983
Javaエンジニア,株式会社GLITTERS,管理API開発Javaエンジニア募集,https://www.wantedly.com/projects/546908
JAVA,株式会社GLITTERS,住宅ローン業務における新商品開発案件！JAVAエンジニア大量募集！,https://www.wantedly.com/projects/576309
JAVA,株式会社GLITTERS,業界トップクラスの大手流通系企業におけるJAVA開発！,https://www.wantedly.com/projects/552544
Javaエンジニア,株式会社GLITTERS,ECサイト開発やりたいJavaエンジニア！PL募集,https://www.wantedly.com/projects/553209
Webエンジニア,株式会社デジタル・デザイナーズ・スタジオ,大手企業受託開発メイン！エンジニア募集！,https://www.wantedly.com/projects/542766
PHPプログラマー,株式会社デジタル・デザイナーズ・スタジオ,大手企業受託開発メイン！PHP経験者募集！,https://www.wantedly.com/projects/565476
PHPプログラマー,株式会社デジタル・デザイナーズ・スタジオ,即戦力PHP経験者募集！,https://www.wantedly.com/projects/569585
Webエンジニア,株式会社デジタル・デザイナーズ・スタジオ,Ansibleより便利なツール開発しちゃいました！エンジニア募集！,https://www.wantedly.com/projects/159859
Webエンジニア,ワークスアイディ株式会社（旧：キューアンドエーワークス株式会社）,自分の可能性に挑戦したいエンジニア募集！ / 十人十色のキャリアパスを提供,https://www.wantedly.com/projects/533685
Webエンジニア,ワークスアイディ株式会社（旧：キューアンドエーワークス株式会社）,クライアントは有名・大手企業！世の中に影響を与えたいエンジニアWanted,https://www.wantedly.com/projects/572924
エンジニアリングマネージャー,オルターボ株式会社,エンジニア組織のレベルを一段あげていただける1人目のマネージャー募集！,https://www.wantedly.com/projects/577356
Javaエンジニア　一年以上,株式会社アルス・ウェアー,プライベートも大事にしたいエンジニアよ！オフィスでのびのび開発しませんか？,https://www.wantedly.com/projects/440893
1年以上 Javaエンジニア,株式会社アルス・ウェアー,もっと色んな案件に携わりたいエンジニア募集！一歩ずつ成長していきませんか？,https://www.wantedly.com/projects/445475
