Webエンジニア,株式会社ストラテジーアンドパートナー,Ruby、Python、JAVAなんでも書ける理想のフルスタックに！,https://www.wantedly.com/projects/603540
Javaエンジニア,株式会社マネーフォワード,マネフォが持つべきデータの在り方を共に追求したいJavaエンジニア募集！,https://www.wantedly.com/projects/9980
Javaエンジニア,株式会社マネーフォワード,*お金の管理を手助けする*サービスを開発するサーバサイドエンジニア募集！,https://www.wantedly.com/projects/193270
Javaエンジニア,株式会社イデアルアーキテクツ,創業6年目ベンチャーのJavaエンジニア！リーダー候補Wanted!!,https://www.wantedly.com/projects/137993
Javaエンジニア,株式会社イデアルアーキテクツ,年内100名を目指す！急成長企業で活躍したいエンジニアWanted!!,https://www.wantedly.com/projects/230256
Webエンジニア,株式会社イデアルアーキテクツ,Javaエンジニア募集！勤務地東京都内近郊,https://www.wantedly.com/projects/255749
Javaエンジニア,株式会社イデアルアーキテクツ,名古屋勤務！経験を活かし次のステップ目指すJavaエンジニアWanted！,https://www.wantedly.com/projects/593914
Javaエンジニア,株式会社イデアルアーキテクツ,大阪勤務！経験を活かし次のステップを目指すJavaエンジニアWanted！,https://www.wantedly.com/projects/243184
Webエンジニア,株式会社イデアルアーキテクツ,"Python,Ruby,PHP,Java,C++,エンジニアWanted！",https://www.wantedly.com/projects/134940
Webエンジニア,株式会社イデアルアーキテクツ,"Python,Ruby,Java,C++,AWS,エンジニアWanted！",https://www.wantedly.com/projects/188689
Webエンジニア,株式会社イデアルアーキテクツ,Javaは任せろ！エンジニア集団の中核となるリーダー候補Wanted!!,https://www.wantedly.com/projects/89039
Javaエンジニア(講師),株式会社イデアルアーキテクツ,未来のエンジニアを育てたい！Javaの講師Wanted!!,https://www.wantedly.com/projects/182862
Javaエンジニア,株式会社イデアルアーキテクツ,意識高い系ではなくホントに意識高い会社でJavaエンジニアをWanted！,https://www.wantedly.com/projects/326800
Javaエンジニア,株式会社イデアルアーキテクツ,大阪勤務！設立6年目ベンチャーで一緒に成長したいJavaエンジニア募集！,https://www.wantedly.com/projects/600201
Javaエンジニア,株式会社イデアルアーキテクツ,一緒に会社を創っていきたい！急成長企業の主役になるJavaエンジニア募集！,https://www.wantedly.com/projects/153183
Javaエンジニア,株式会社イデアルアーキテクツ,プロジェクト経験を増やしてスキルアップ！JavaエンジニアWanted!!,https://www.wantedly.com/projects/115534
Javaエンジニア,株式会社イデアルアーキテクツ,設立6年目ベンチャーで会社と一緒に成長したいJavaエンジニア募集！,https://www.wantedly.com/projects/203484
Javaエンジニア,株式会社イデアルアーキテクツ,Javaの女神募集！社員72名、設立6年目を迎えた急成長ベンチャーはココ！,https://www.wantedly.com/projects/101248
Javaエンジニア,株式会社イデアルアーキテクツ,JavaエンジニアWanted!!一緒に会社を創っていく新メンバー募集,https://www.wantedly.com/projects/91086
Javaエンジニア,株式会社イデアルアーキテクツ,Javaエンジニア募集中！目に見えて成長を感じられる会社はココ！,https://www.wantedly.com/projects/90893
Javaエンジニア,株式会社イデアルアーキテクツ,実力が正当に評価される会社で働きたいJavaエンジニアWanted！,https://www.wantedly.com/projects/106822
Javaエンジニア,株式会社イデアルアーキテクツ,急成長エンジニア集団の中で更にスキルアップしたいJavaエンジニア募集！,https://www.wantedly.com/projects/104288
Javaエンジニア,株式会社イデアルアーキテクツ,毎月飲み会したいお酒好きのJavaエンジニアWanted!!,https://www.wantedly.com/projects/98057
Javaエンジニア,株式会社イデアルアーキテクツ,設立6年目に突入、社員72名！急成長企業で活躍したいJAVAエンジニア募集,https://www.wantedly.com/projects/110191
Javaエンジニア,株式会社イデアルアーキテクツ,毎月飲み会したい！飲み会大好きなJavaエンジニアWanted!!,https://www.wantedly.com/projects/113979
Javaエンジニア,株式会社イデアルアーキテクツ,設立6年目に突入！！急成長企業で活躍するJavaエンジニア募集！,https://www.wantedly.com/projects/100356
Javaエンジニア,株式会社イデアルアーキテクツ,JavaエンジニアWanted!!エンジニア集団の中心で働きませんか？,https://www.wantedly.com/projects/90694
Javaエンジニア,株式会社イデアルアーキテクツ,人と話すことが好きなJavaエンジニアWanted!!,https://www.wantedly.com/projects/102703
Javaエンジニア,株式会社イデアルアーキテクツ,エンジニア集団の中で実力を発揮したいJavaエンジニア募集！,https://www.wantedly.com/projects/91383
Javaエンジニア,株式会社イデアルアーキテクツ,Javaに自信のあるリーダーキャラのエンジニアWanted!,https://www.wantedly.com/projects/93792
Javaエンジニア,株式会社イデアルアーキテクツ,名古屋勤務！設立6年目ベンチャーで一緒に成長したいJavaエンジニア募集！,https://www.wantedly.com/projects/600204
Javaエンジニア,株式会社イデアルアーキテクツ,教えて先生！Javaエンジニアを育てたいJavaエンジニアWanted!!,https://www.wantedly.com/projects/186381
Javaエンジニア,株式会社イデアルアーキテクツ,開発経験を活かし次のステップを目指すJavaエンジニアをWanted！,https://www.wantedly.com/projects/593916
Javaエンジニア,ハイディメンション株式会社,Javaエンジニア募集！自由なキャリアパスを描けます！,https://www.wantedly.com/projects/83334
WEBエンジニア,ハイディメンション株式会社,デファクトスタンダードな技術を身につけよう！WEBエンジニア募集！,https://www.wantedly.com/projects/505059
WEBエンジニア,ハイディメンション株式会社,いつでも先端技術を追ってます！WEB技術大好きなエンジニア募集！,https://www.wantedly.com/projects/400740
WEBエンジニア,ハイディメンション株式会社,いつでも先端技術を追ってます！WEB技術大好きなエンジニア募集！,https://www.wantedly.com/projects/402510
WEBエンジニア,ハイディメンション株式会社,デファクトスタンダードな技術を身につけよう！WEBエンジニア募集！,https://www.wantedly.com/projects/482296
WEBエンジニア,ハイディメンション株式会社,デファクトスタンダードな技術を身につけよう！WEBエンジニア募集！,https://www.wantedly.com/projects/470839
WEBエンジニア,ハイディメンション株式会社,デファクトスタンダードな技術を身につけよう！WEBエンジニア募集！,https://www.wantedly.com/projects/490746
WEBエンジニア,ハイディメンション株式会社,デファクトスタンダードな技術を身につけよう！WEBエンジニア募集！,https://www.wantedly.com/projects/476172
WEBエンジニア,ハイディメンション株式会社,デファクトスタンダードな技術を身につけよう！WEBエンジニア募集！,https://www.wantedly.com/projects/450079
WEBエンジニア,ハイディメンション株式会社,未来のデファクトスタンダード技術を身につけよう！WEBエンジニア募集！,https://www.wantedly.com/projects/410766
WEBエンジニア,ハイディメンション株式会社,未来のデファクトスタンダード技術を身につけよう！WEBエンジニア募集！,https://www.wantedly.com/projects/419642
Javaエンジニア,ハイディメンション株式会社,Javaエンジニア募集！自由なキャリアパスを描けます！,https://www.wantedly.com/projects/472523
WEBエンジニア,ハイディメンション株式会社,Webエンジニア募集！！エンジニアファーストな会社です！,https://www.wantedly.com/projects/559118
Javaエンジニア,ハイディメンション株式会社,Java・PHPエンジニア募集！スペシャリストを目指そう！,https://www.wantedly.com/projects/484993
サーバサイドエンジニア,株式会社星野リゾート・マネジメント,技術を駆使して宿泊業の変革者になる！サーバサイドエンジニア募集！,https://www.wantedly.com/projects/551288
"Java,AWS,サーバサイド",アクロスロード株式会社,JavaでバリバリやりたいWebエンジニア！もっとステップアップしたい！！,https://www.wantedly.com/projects/394792
システムエンジニア,アクロスロード株式会社,アクロスは、あなたに今必要なスキルを身に付けることができます！,https://www.wantedly.com/projects/169687
システムエンジニア,アクロスロード株式会社,どの時代でも必要とされ続けるシステムエンジニアの育成を目指している会社です,https://www.wantedly.com/projects/187905
システムエンジニア,アクロスロード株式会社,アクロスは、新人のあなたを早く環境に馴染めるよう全力でサポートします！,https://www.wantedly.com/projects/164640
システムエンジニア・プログラマ,アクロスロード株式会社,仮想都市プラットフォーム開発に興味あるエンジニアさんはいらっしゃいますか？,https://www.wantedly.com/projects/428406
システムエンジニア,アクロスロード株式会社,ITエンジニアの可能性を実感できる環境！だからがんばれる！,https://www.wantedly.com/projects/169991
システムエンジニア,アクロスロード株式会社,目指しているのはフルスタックエンジニアです！,https://www.wantedly.com/projects/213423
システムエンジニア・プログラマ,アクロスロード株式会社,VR都市プラットフォーム開発PJ！バリバリ活躍できるエンジニアになりたい！,https://www.wantedly.com/projects/428775
Webエンジニア,アクロスロード株式会社,Webエンジニア！Javaでバリバリやりたい！チームワークも大切にしたい！,https://www.wantedly.com/projects/288448
Javaエンジニア,楽天グループ株式会社（キャリア採用）,楽天ファッション Javaエンジニア- BtoC事業,https://www.wantedly.com/projects/481051
Webエンジニア,楽天グループ株式会社（キャリア採用）,アプリケーションエンジニア募集！158万件以上投稿の楽天レシピ,https://www.wantedly.com/projects/271939
バックエンドエンジニア,楽天グループ株式会社（キャリア採用）,楽天のFinTech事業にてバックエンドエンジニア募集！英語力も伸ばせます,https://www.wantedly.com/projects/210919
Webエンジニア,楽天グループ株式会社（キャリア採用）,楽天株式会社 EC事業にてエンジニア各種を募集しています！,https://www.wantedly.com/projects/499640
アプリケーションエンジニア,楽天グループ株式会社（キャリア採用）,トラベル事業でコーディングへの情熱を持ったJavaエンジニア募集中です！,https://www.wantedly.com/projects/302065
Scala/Javaプログラマ,株式会社Grid Solutions,Scala/Javaエンジニア募集　スマートグリッド・ソリューション開発,https://www.wantedly.com/projects/308517
バックエンドエンジニア,株式会社ZOZOテクノロジーズ,日本最大級のファッションECサイトでユーザー志向のサービス開発したい方募集,https://www.wantedly.com/projects/452301
データエンジニア,株式会社ZOZOテクノロジーズ,立ち上げ期の推薦特化チームで活躍してくれるデータエンジニア募集中！,https://www.wantedly.com/projects/560576
検索エンジニア,株式会社ZOZOテクノロジーズ,ZOZOグループで利用する検索基盤開発してくれるエンジニア募集中！,https://www.wantedly.com/projects/452350
Java開発エンジニア,株式会社クラス,少数精鋭で自社サービスの開発に携わりませんか？Javaエンジニア大募集！,https://www.wantedly.com/projects/536930
Webエンジニア,株式会社クラス,実力のあるエンジニア大募集！！いま成長中の企業でスキルを活かしませんか？,https://www.wantedly.com/projects/472176
開発エンジニア,株式会社クラス,オープンでフリーダムな職場環境で働きたいJavaエンジニア大募集！！,https://www.wantedly.com/projects/393094
Javaエンジニア,株式会社クラス,家具サブスクの会社で自社サービスのエンジニアをやってみませんか？,https://www.wantedly.com/projects/377428
メンバークラスエンジニア,株式会社クラス,小人数チームでJavaエンジニアとしての経験を積みたい人大募集！,https://www.wantedly.com/projects/428581
Javaエンジニア,株式会社クラス,自社サービスの開発に携わりたいエンジニアを募集しています！,https://www.wantedly.com/projects/374312
Javaエンジニア,株式会社クラス,ベンチャー企業でエンジニアとしてスキルアップしたい方大募集！！,https://www.wantedly.com/projects/398298
Java開発エンジニア,株式会社クラス,自社のサービスに携われる！Javaエンジニアとしてスキルアップしませんか？,https://www.wantedly.com/projects/437486
Javaエンジニア,株式会社クラス,サーバーサイド経験者歓迎！CLASの開発エンジニア大募集！,https://www.wantedly.com/projects/569140
Javaエンジニア,株式会社クラス,Javaでの開発経験がある人大歓迎！ベンチャー企業で経験を活かしませんか？,https://www.wantedly.com/projects/389342
Javaエンジニア,株式会社クラス,小人数チームでスペシャリストを目指したいJavaエンジニア募集！！,https://www.wantedly.com/projects/402888
Javaエンジニア,株式会社クラス,エンジニア経験者大・大・大歓迎！CLASのJavaエンジニア大募集！,https://www.wantedly.com/projects/575249
Javaエンジニア,株式会社クラス,エンジニア経験者大・大・大歓迎！CLASのJavaエンジニア大募集！,https://www.wantedly.com/projects/573518
Javaエンジニア,株式会社クラス,エンジニア経験者大・大・大歓迎！CLASのJavaエンジニア大募集！,https://www.wantedly.com/projects/572785
PHPエンジニア,株式会社ドリームオンライン,PHPやJavaを中心・WEBエンジニア募集中！,https://www.wantedly.com/projects/414309
Webエンジニア,株式会社ドリームオンライン,PHPやJavaを中心に、WEB開発に自信のあるエンジニアWANTED！,https://www.wantedly.com/projects/339042
Webエンジニア,株式会社ドリームオンライン,WEBエンジニア！PHPやJavaを更に極めたいエンジニアを大募集！,https://www.wantedly.com/projects/348348
PHPプログラマー,株式会社ドリームオンライン,PHPやJavaを中心に、幅広くWEB開発をしたいエンジニアWanted！,https://www.wantedly.com/projects/364556
PHP/Javaエンジニア,株式会社ドリームオンライン,経験者募集中！PHPなどWEB開発経験豊富なエンジニアWanted！,https://www.wantedly.com/projects/438867
Webエンジニア,株式会社ドリームオンライン,PHPやJavaを中心に、WEB開発経験豊富なエンジニアWANTED！,https://www.wantedly.com/projects/382437
PHPプログラマー,株式会社ドリームオンライン,PHPやJavaの開発中心・ プログラマーをWANTED！,https://www.wantedly.com/projects/407488
Webエンジニア,株式会社ドリームオンライン,PHPやJavaを更に極めたいWEBエンジニアWanted！,https://www.wantedly.com/projects/357169
"Python,Java,PG",株式会社リナックス総合研究所,JavaやPythonのマスターになりたい人、Wanted！,https://www.wantedly.com/projects/397173
"JAVAエンジニア,SE,PG",株式会社リナックス総合研究所,手に職をつけてエンジニアになりませんか？,https://www.wantedly.com/projects/29100
ソフトウェア開発/インフラ,株式会社リナックス総合研究所,フルスタックエンジニアを目指す同志を募集！,https://www.wantedly.com/projects/347622
"Python,Java,PG",株式会社リナックス総合研究所,上流から下流工程まで！できるJavaエンジニアになろう！,https://www.wantedly.com/projects/404395
システムエンジニア,株式会社リナックス総合研究所,JAVAエンジニアとして一緒にステップアップしよう！,https://www.wantedly.com/projects/626934
"Python,Java,PG",株式会社リナックス総合研究所,PythonやJavaのマスターになれるから、おいでようちに！,https://www.wantedly.com/projects/376128
Javaエンジニア,株式会社Luxy,技術を磨きたいJava技術者求む！一緒に開発へ携わって頂ける方探してます！,https://www.wantedly.com/projects/404862
"Java,Scala",株式会社Luxy,Fintech開発エンジニアwanted！Java・Scala技術者歓迎！,https://www.wantedly.com/projects/284742
Java（楽楽明細）,株式会社ラクス,前年比160％以上成長を誇る伸び盛りの自社SaaSのJavaエンジニア募集,https://www.wantedly.com/projects/490459
エンジニアリングマネージャー,株式会社ラクス,市場圧倒的トップシェアを誇るコアサービス楽楽精算の開発マネージャーを募集！,https://www.wantedly.com/projects/347518
Java（楽楽勤怠）,株式会社ラクス,新機能続々追加！リリース仕立てのHRTechサービスのシニアエンジニア募集,https://www.wantedly.com/projects/368684
javaエンジニア,オルターボ株式会社,Javaの開発経験を他の言語へ！言語/領域を広げていきたいエンジニア募集,https://www.wantedly.com/projects/601410
スマホ開発/Web開発,オルターボ株式会社,アプリ開発/ゲーム開発にチャレンジしたいエンジニア募集！！,https://www.wantedly.com/projects/592200
Webエンジニア,オルターボ株式会社,ゲーム開発にチャレンジしたい｜技術力を高めたいゲーム好きエンジニア募集！,https://www.wantedly.com/projects/619250
Webエンジニア,株式会社IBJ,日本最大級の婚活サービスをグロースさせる！！Rubyエンジニア求む！,https://www.wantedly.com/projects/255410
Webエンジニア,株式会社シンクエイト,世界トップレベルの開発を目指しているWebエンジニア募集Java PHP,https://www.wantedly.com/projects/610932
Javaスペシャリスト募集,株式会社シンクエイト,世界中の開発案件を通して自己成長を目指している人、話しませんか？,https://www.wantedly.com/projects/617696
サーバーサイドエンジニア,マネックス証券株式会社,自社開発の証券システムを支える！第二新卒のJavaエンジニアを募集！,https://www.wantedly.com/projects/501654
サーバーサイドエンジニア,マネックス証券株式会社,開発が好きで好きで仕方ない！そんなJavaエンジニアを探しています！,https://www.wantedly.com/projects/253516
サーバーサイドエンジニア,マネックス証券株式会社,«未来の金融を創る» オンライン証券のマネックスでJavaエンジニア募集,https://www.wantedly.com/projects/248347
サーバーサイドエンジニア,マネックス証券株式会社,SIerからWeb系へ！新たな挑戦を求めるJavaエンジニアWanted！,https://www.wantedly.com/projects/504215
Javaエンジニア,株式会社TechFirst Leaders,Java/Spring Bootを用いたWebシステム開発者募集！,https://www.wantedly.com/projects/456112
Web／アプリエンジニア,株式会社TechFirst Leaders,Google主催のハッカソンで優勝した社長と働いきたいエンジニアを募集！,https://www.wantedly.com/projects/472922
PHP/エンジニア,株式会社TechFirst Leaders,エンジニアで社内文化を創造していく！PHPエンジニア大募集！！,https://www.wantedly.com/projects/486480
Web／アプリエンジニア,株式会社TechFirst Leaders,DevOpsやAWS/GCPなどモダンな開発へキャリアチェンジ希望者募集！,https://www.wantedly.com/projects/476126
PHP/エンジニア,株式会社TechFirst Leaders,技術力とチーム力で貢献！思いやりにあふれたPHPエンジニアWanted！,https://www.wantedly.com/projects/530205
PHP/エンジニア,株式会社TechFirst Leaders,技術者集団の中でスキルを最大化しよう！PHPエンジニアをWanted!!,https://www.wantedly.com/projects/491145
PHP/エンジニア,株式会社TechFirst Leaders,スタートアップベンチャーの主役になるPHPエンジニアをWanted！,https://www.wantedly.com/projects/518362
Web／アプリエンジニア,株式会社TechFirst Leaders,Vue.jsやスクラム開発などモダンな開発へのキャリアチェンジ希望者募集！,https://www.wantedly.com/projects/467417
PHP/エンジニア,株式会社TechFirst Leaders,ハイレベルな環境で爆速で成長したいPHPエンジニアを大募集!!,https://www.wantedly.com/projects/510229
PHP/エンジニア,株式会社TechFirst Leaders,技術者集団の中でスキルを最大化させよう！PHPエンジニアを大募集!!,https://www.wantedly.com/projects/500784
PHP/エンジニア,株式会社TechFirst Leaders,エンジニアを探求しよう！PHPエンジニアをWanted！！,https://www.wantedly.com/projects/494791
Web／アプリエンジニア,株式会社TechFirst Leaders,ReactやTypescriptなどモダン開発へスキルチェンジ希望者募集！,https://www.wantedly.com/projects/476115
Javaエンジニア,株式会社TechFirst Leaders,スタートアップベンチャーで成長したい！JavaエンジニアをWanted!!,https://www.wantedly.com/projects/503794
Javaエンジニア,株式会社TechFirst Leaders,活気あるスタートアップで圧倒的に成長したいJavaエンジニアを大募集！！,https://www.wantedly.com/projects/532603
Javaエンジニア,株式会社TechFirst Leaders,ユニークに働きたい！Javaを用いたWebシステム開発者大募集！,https://www.wantedly.com/projects/495059
Javaエンジニア,株式会社TechFirst Leaders,Javaエンジニア｜社長と一緒に会社を成長させよう！,https://www.wantedly.com/projects/522638
Javaエンジニア,株式会社TechFirst Leaders,創業6カ月！スタートアップベンチャーでJavaエンジニアとして活躍しよう！,https://www.wantedly.com/projects/475019
Javaエンジニア,株式会社TechFirst Leaders,Javaエンジニア｜スタートアップベンチャーを支える実力者をWanted！,https://www.wantedly.com/projects/512212
Javaエンジニア,株式会社TechFirst Leaders,ユニークに働きたい、開発経験３年以上のJavaエンジニアをWanted！！,https://www.wantedly.com/projects/482625
エンジニア,株式会社TAM,コードで課題を解決する、フロント/バックエンドWEBエンジニア募集！,https://www.wantedly.com/projects/46856
システムエンジニア,株式会社マトリクス,事業拡大のための、Java・AWS等によるプロダクト開発エンジニア募集！,https://www.wantedly.com/projects/618255
Webエンジニア,株式会社CURBON,アイデアを形にしたい高度ITエンジニア大歓迎,https://www.wantedly.com/projects/327074
"フロント,バック",株式会社ヒプスター,Javaでシステム開発！フリーランス/社員募集！,https://www.wantedly.com/projects/605013
バックエンド,株式会社ヒプスター,Javaでwebアプリ開発！フリーランス/社員募集！,https://www.wantedly.com/projects/624376
Javaエンジニア,株式会社クライド,自社開発サービスをリードするJavaエンジニア募集中です！,https://www.wantedly.com/projects/553873
Javaエンジニア,株式会社クライド,テックリードとして自社アドテクサービスを加速させるJavaエンジニア募集！,https://www.wantedly.com/projects/506384
Javaエンジニア,株式会社クライド,自社開発アドテクノロジーに挑戦したいJavaエンジニアWanted!!,https://www.wantedly.com/projects/491475
Javaエンジニア,株式会社クライド,アドテクベンチャーでテックリードとして活躍するJavaエンジニア募集中！,https://www.wantedly.com/projects/514818
Javaエンジニア,株式会社クライド,アドテクノロジーをグロースさせるJavaエンジニアWanted!!,https://www.wantedly.com/projects/517927
Javaエンジニア,株式会社クライド,あなたの技術、活かして働ける環境です。Javaエンジニア募集中！,https://www.wantedly.com/projects/509619
Javaエンジニア,株式会社クライド,アドテク×ＡＩ×ビッグデータに携わるJavaエンジニアWanted!!,https://www.wantedly.com/projects/503343
Javaエンジニア,株式会社クライド,アドテクノロジーをグロースさせるJavaエンジニアWanted!!,https://www.wantedly.com/projects/497446
Javaエンジニア,株式会社クライド,アドテクノロジーをグロースさせるJavaエンジニアWanted!!,https://www.wantedly.com/projects/353251
自社サービス開発,株式会社MOTA,大変革の自動車。自社サービスの開発で新しい価値を産み出しませんか？,https://www.wantedly.com/projects/620443
バックエンドエンジニア,株式会社UPBOND,顧客のDB、ID問題を解決する、PHP、Javaエンジニア,https://www.wantedly.com/projects/509837
WEBエンジニア,エムスリーデジタルコミュニケーションズ株式会社,"WEBｴﾝｼﾞﾆｱ HTML5, PHP, Java, AWS, HLS",https://www.wantedly.com/projects/73894
バックエンドエンジニア,アソビュー株式会社,"テクノロジーの力で新しい""遊び産業""をリードするWEBエンジニア募集",https://www.wantedly.com/projects/230159
Webエンジニア,アソビュー株式会社,CTO江部・技術顧問増田 対談 第1回　～アソビューの挑戦と魅力～,https://www.wantedly.com/projects/110533
Webエンジニア,アソビュー株式会社,CTO江部・技術顧問増田 対談　第3回　 ～開発と事業成長に必要なこと～,https://www.wantedly.com/projects/149396
Webエンジニア,アソビュー株式会社,CTO江部・技術顧問増田 対談　第2回　～開発のやりがいと楽しさ～,https://www.wantedly.com/projects/116595
Webエンジニア,アソビュー株式会社,CTOが徹底解説！「挑戦を賞賛する」アソビューの開発スタイルとは,https://www.wantedly.com/projects/44444
Java/Web系エンジニア,株式会社セレス,フリーランスを支えるFinTechサービス新規開発メンバーWANTED!!,https://www.wantedly.com/projects/492881
アライアンス開発リーダー候補,WealthNavi（ウェルスナビ）,FinTech企業のアライアンス開発をリードするJavaエンジニア募集！,https://www.wantedly.com/projects/610923
開発エンジニア,株式会社ペイジェント,Fintech事業の開発を共通FW開発で支える！開発エンジニア募集,https://www.wantedly.com/projects/618198
Javaエンジニア,株式会社オークファン,廃棄ロス・在庫ロスをtechの力で解決する！JavaエンジニアWanted,https://www.wantedly.com/projects/597500
フルスタックエンジニア,株式会社XAION DATA,java/C#等での開発経験有の方！自社AIプロダクトのエンジニアを採用中,https://www.wantedly.com/projects/612785
Javaエンジニア,株式会社モノクレア,一生エンジニアで食べていけるスキルを身に付けたいJavaエンジニア募集！,https://www.wantedly.com/projects/550081
在宅アプリケーションエンジニア,株式会社モノクレア,オンラインで場所を選ばず働く！新規自社サービス開発・導入支援エンジニア募集,https://www.wantedly.com/projects/531261
決済アプリ開発（サーバサイド）,ネットムーブ株式会社,30万店舗で利用されている決済バックエンドアプリ開発エンジニア募集中！,https://www.wantedly.com/projects/477777
アプリ開発（バックエンド）,ネットムーブ株式会社,決済バックエンドアプリ開発エンジニア募集中！,https://www.wantedly.com/projects/454418
キャッシュレスシステム SE,ネットムーブ株式会社,年間取扱高 4000億円 キャッシュレスシステム PM/SE 募集中！,https://www.wantedly.com/projects/624606
サーバーサイドエンジニア,TieUps株式会社,リリース1ヶ月で急成長！lit.linkサーバーサイドエンジニア募集！,https://www.wantedly.com/projects/557394
Webエンジニア,株式会社コネクト,"AWS,Pythonなど勉強したい方、興味ある方 ！",https://www.wantedly.com/projects/313499
Webエンジニア,株式会社コネクト,自由に面白いことがやりたいエンジニア募集,https://www.wantedly.com/projects/122941
エンジニア/Java,弥生株式会社,業界トップクラスシェアのSaaSプロダクト開発！Javaエンジニア募集！,https://www.wantedly.com/projects/552034
システム開発PL,ソフトブレーン株式会社,100％自社開発／上流工程から携わるWEBアプリケーション開発PL,https://www.wantedly.com/projects/251931
バックエンドエンジニア／PL,ソフトブレーン株式会社,バックエンドエンジニア／若手がチャレンジできる環境を提供／実経験者を募集！,https://www.wantedly.com/projects/583171
開発プロジェクトリーダー,ソフトブレーン株式会社,自社システムの新機能企画・開発PLを募集！／Java／アジャイル,https://www.wantedly.com/projects/251751
PHPエンジニア,株式会社ＥＤＵＣＯＭ,教育の未来にICTで革新を！新規サービスのPHPエンジニア大募集,https://www.wantedly.com/projects/519415
サーバーサイドエンジニア,株式会社アイスタイル,@cosmeの基盤部分を支えるサーバーサイドエンジニア募集！,https://www.wantedly.com/projects/563587
"C#,java,プログラマー",株式会社オンデーズ,自社開発ERPシステムの運用を一任！PM候補生募集,https://www.wantedly.com/projects/102293
web designer,株式会社オンデーズ,WEBデザインで全国のOWNDAYSに影響を与えてみませんか！,https://www.wantedly.com/projects/16865
中途、SE,株式会社アルス・ウェアー,Java SE│案件自由でホワイト環境な会社で働いてみませんか？,https://www.wantedly.com/projects/579480
中途採用｜エンジニア,株式会社アルス・ウェアー,大手取引先多数！社会インフラをシステムで支えるエンジニア募集！,https://www.wantedly.com/projects/473215
エンジニア/ホワイト/案件自由,株式会社アルス・ウェアー,案件自由でホワイト環境。社員の願いを形にする会社でSEになりませんか？,https://www.wantedly.com/projects/542408
中途採用｜エンジニア,株式会社アルス・ウェアー,最近成長しているエンジニア募集！ホワイトな環境で受託開発しませんか？,https://www.wantedly.com/projects/471322
Javaエンジニア　1年以上,株式会社アルス・ウェアー,人情厚い親分社長の下で、他者からリードしたエンジニアになりたい人を募集！,https://www.wantedly.com/projects/460736
1年以上　Javaエンジニア,株式会社アルス・ウェアー,仕事に追われるだけの人生は嫌だ！仕事も私生活も両取りしたいエンジニア募集！,https://www.wantedly.com/projects/431090
開発｜SE,株式会社アルス・ウェアー,開発できる職場で働きたい！そんな想いを持っているエンジニア募集！,https://www.wantedly.com/projects/514938
Java/JScript/C♯,株式会社アルス・ウェアー,ブラックな働き方は嫌だ！自分の時間も大事に一歩ずつ前に進みたいエンジニア！,https://www.wantedly.com/projects/442140
Java C♯ JScript,株式会社アルス・ウェアー,職場環境に不満のある方！エンジニアのやりたいを実現させる弊社に全員集まれ！,https://www.wantedly.com/projects/441674
Javaエンジニア　1年以上,株式会社アルス・ウェアー,ブラックな環境から抜け出したい！プライベートを大事にしたいエンジニア！,https://www.wantedly.com/projects/443845
理想の働き方をしたいSE,株式会社アルス・ウェアー,SE・Java|社員の幸せを第一に経営している会社で働いてみませんか？,https://www.wantedly.com/projects/546515
Java C♯ JScript,株式会社アルス・ウェアー,プライベートも大事に、一歩ずつステップアップしていきたいエンジニア募集！,https://www.wantedly.com/projects/441827
SEからキャリアアップしたい人,株式会社アルス・ウェアー,Java｜SEから責任あるポジションで働けます。BIGな案件を担当したい人,https://www.wantedly.com/projects/503488
Java/JScript/C♯,株式会社アルス・ウェアー,人間関係に疲れちゃったエンジニア！伸び伸びじっくり、開発に没頭しませんか？,https://www.wantedly.com/projects/443022
中途、SE,株式会社アルス・ウェアー,"PL,PMお任せします！エンジニアの花形、上流工程へ挑戦！",https://www.wantedly.com/projects/570230
1年以上 Javaエンジニア,株式会社アルス・ウェアー,保守・運用はもう飽きた…しっかり開発して一人前のエンジニアになりたい人募集,https://www.wantedly.com/projects/438140
Java/JScript/C＃,株式会社アルス・ウェアー,ブラックな環境は嫌だ！プライベートも大事に伸び伸び開発したいエンジニア！,https://www.wantedly.com/projects/451906
Java JScript C＃,株式会社アルス・ウェアー,一年以上の開発経験がある方！オフィスで伸び伸び和気藹々と開発しませんか？,https://www.wantedly.com/projects/455328
Java/サーバーサイド,Mikatus株式会社,チームワークを発揮し自社SaaSの価値を高めるJavaエンジニア募集！,https://www.wantedly.com/projects/625586
Javaエンジニア,株式会社インタースペース,積極採用中！新規事業の旅行SNSをグロースさせるJavaエンジニア募集！,https://www.wantedly.com/projects/570620
Webエンジニア,株式会社システムシェアード,プロジェクトの要へ！ITコミュニケーションコンサルタントWanted！,https://www.wantedly.com/projects/93054
Webエンジニア,株式会社システムシェアード,Javaスペシャリストを目指せる～SE～上流工程や最新技術が身に付きます！,https://www.wantedly.com/projects/296647
クラウドビジネスツール開発,ビジネスエンジニアリング株式会社,自社SaaSビジネスツールの開発・インフラエンジニアを募集！,https://www.wantedly.com/projects/264252
データ基盤構築エンジニア,DATUM STUDIO株式会社,ビッグデータ周りの技術を吸収したい方募集！／DX推進／KDDIグループ,https://www.wantedly.com/projects/500387
DXエンジニア,DATUM STUDIO株式会社,大企業のDX推進に携わりませんか？／KDDIグループ,https://www.wantedly.com/projects/500377
バックエンドエンジニア,株式会社ダンドリワークス,CakePHP/Javaの経験3年以上！建築現場の施工管理アプリのBE,https://www.wantedly.com/projects/628564
"エンジニア,PHP,Java",株式会社ディマージシェア,JavaやPHPを使った自社開発に興味ありませんか？興味ある人Wanted,https://www.wantedly.com/projects/566647
"エンジニア,PHP,Java",株式会社ディマージシェア,大手企業も導入している広告マーケティング製品を作成したいエンジニア募集！！,https://www.wantedly.com/projects/570647
"エンジニア,PHP,Java",株式会社ディマージシェア,クラウド製品開発！お客様の課題を解決したいエンジニアWanted！,https://www.wantedly.com/projects/550638
"エンジニア,PHP,Java",株式会社ディマージシェア,自社製品開発！企業の成長をアドテクノロジーで支援するエンジニアを募集！,https://www.wantedly.com/projects/535339
"エンジニア,PHP,Java",株式会社ディマージシェア,その開発経験、当社で活かしてみませんか？Java、PHPエンジニア募集！！,https://www.wantedly.com/projects/563267
サーバーサイドエンジニア,株式会社ニューズピックス,急成長経済メディアNewsPicksのJavaでのサーバーサイド開発,https://www.wantedly.com/projects/558674
サーバーサイドエンジニア,株式会社ニューズピックス,NewsPicksプロダクト｜経済情報メディアでWebアプリエンジニア募集,https://www.wantedly.com/projects/330028
サーバーサイドエンジニア,株式会社ニューズピックス,会員560万人超の急成長メディアNewsPicksのサーバーサイド開発,https://www.wantedly.com/projects/549354
共通基盤サーバサイドエンジニア,株式会社サイバーエージェント キャリア採用,大規模トラフィック！共通基盤サーバサイドエンジニアWanted：秋葉原ラボ,https://www.wantedly.com/projects/208774
phpエンジニア,株式会社ジョイワークス,「ありきたりではないあなたに•••！」よく効きます。,https://www.wantedly.com/projects/184327
Java/C#開発エンジニア,株式会社ＧＥＥＸ,GEEKなメンバーとスキルアップしたい方！開発エンジニア募集！,https://www.wantedly.com/projects/599517
システムエンジニア,誠信システムズ株式会社,経験や年齢に関係なく、未来を熱く語れるエンジニア大募集！,https://www.wantedly.com/projects/607889
システムエンジニア,誠信システムズ株式会社,元エンジニアで人事責任者が、あなたの未来の成長をお約束します！,https://www.wantedly.com/projects/610374
システムエンジニア,誠信システムズ株式会社,7ヶ国のエンジニアが在籍＊グローバルでスキルフルな組織で多彩なキャリアを！,https://www.wantedly.com/projects/603999
システムエンジニア,誠信システムズ株式会社,スペシャリスト、ブリッジSE、選択肢を広げたいエンジニアwanted!!!,https://www.wantedly.com/projects/612250
システムエンジニア,誠信システムズ株式会社,5G・クラウド！常に必要とされるスキルを身につけたい方wanted！,https://www.wantedly.com/projects/614672
サーバーサイドエンジニア,株式会社インフキュリオン,Java経験者歓迎！エンジニアフレンドリーな環境で仲間と一緒にスキルアップ,https://www.wantedly.com/projects/385731
Webエンジニア,株式会社テコテック,toC向けエンタメコンテンツの開発リーダー　PHP/Java経験者歓迎,https://www.wantedly.com/projects/563285
Goエンジニア,GMOメイクショップ株式会社,Go／AWSを使ったSaaS型 ECシステムのWebエンジニアを募集！,https://www.wantedly.com/projects/621504
フルスタックエンジニア,コンセンサス・ベイス株式会社,エンタープライズブロックチェーンに興味のあるフルスタックプログラマ募集!!,https://www.wantedly.com/projects/561438
エンジニア,株式会社ストランザ,PHPを得意とするサーバーサイドのエンジニア募集！！,https://www.wantedly.com/projects/392984
フルスタック・エンジニア,株式会社ストランザ,PHP→Go　jQuery→React このPJにチャレンジする人集まれ！,https://www.wantedly.com/projects/392988
Scalaエンジニア,株式会社スタンバイ,日本最大級のプロダクト開発をリード！急成長サービスのScalaエンジニア,https://www.wantedly.com/projects/546698
テックリード,株式会社スタンバイ,技術力でチームを牽引するテックリードを募集！,https://www.wantedly.com/projects/425633
Javaエンジニア,株式会社PPFパートナーズ,平均年齢33才ITベンチャーが東京でJavaエンジニア大募集中！経験者歓迎,https://www.wantedly.com/projects/490957
PHPエンジニア,グルーヴ・ギア株式会社,Java→PHPへのスキルチェンジしたい方いませんか？,https://www.wantedly.com/projects/292658
Webエンジニア,株式会社セラク（Salesforce部門）,Javaのスキルをお持ちのかたへ、その技術Salesforceで活かせます,https://www.wantedly.com/projects/519293
Salesforceエンジニア,株式会社セラク（Salesforce部門）,Javaや.NETエンジニアの方！その技術Salesforceで活かせます,https://www.wantedly.com/projects/513723
"SE,PG",株式会社シンクス,JAVAで世の中を動かし、プライベートで世の中を楽しむ！,https://www.wantedly.com/projects/496812
バックエンドエンジニア,未来貯金株式会社,経験者歓迎！裁量権を持って活躍したい即戦力JavaエンジニアWanted,https://www.wantedly.com/projects/567714
バックエンドエンジニア,未来貯金株式会社,経験者歓迎！裁量権を持って活躍したい即戦力JavaエンジニアWanted,https://www.wantedly.com/projects/530480
バックサイドエンジニア,未来貯金株式会社,経験者歓迎！裁量権を持って活躍したい即戦力JavaエンジニアWanted,https://www.wantedly.com/projects/558065
エンジニア【全職種】,Talknote株式会社,あなたの夢叶えます。自由な環境への挑戦者エンジニア求む！,https://www.wantedly.com/projects/105520
Java開発エンジニアリード,パーソルキャリア株式会社（キャリア採用）,転職支援サービスdodaのスマートフォン向けアプリ開発チームのリードを募集,https://www.wantedly.com/projects/502150
開発エンジニアマネジャー,パーソルキャリア株式会社（キャリア採用）,doda基幹システムのエンジニアリンマネジャーを募集！,https://www.wantedly.com/projects/519728
C#開発エンジニア,パーソルキャリア株式会社（キャリア採用）,転職サービスdodaの裏側基幹システムを開発するエンジニアを募集！,https://www.wantedly.com/projects/519699
Java開発エンジニア,パーソルキャリア株式会社（キャリア採用）,転職支援サービスdodaの開発エンジニアを募集！,https://www.wantedly.com/projects/525638
Webエンジニア,エクスウェア株式会社,市場価値の高いエンジニアへ！開発エンジニア大募集！,https://www.wantedly.com/projects/581922
サーバーサイドエンジニア,株式会社SP,お客様の基幹事業を支えるサーバサイドエンジニア大歓迎！,https://www.wantedly.com/projects/415865
サーバーサイドエンジニア,株式会社SP,様々な技術に触れて成長したいサーバサイドエンジニア大歓迎！,https://www.wantedly.com/projects/394688
サーバーサイドエンジニア,株式会社SP,様々な技術に触れて成長したいサーバサイドエンジニア大歓迎！,https://www.wantedly.com/projects/398080
Webエンジニア,株式会社SAKURUG,Webエンジニア大募集！理想のキャリアを一緒に目指しましょう！,https://www.wantedly.com/projects/98582
Webエンジニア,株式会社Smallit,渋谷スクランブルスクエアからVue.jsで新しいシステム開発しませんか？,https://www.wantedly.com/projects/408001
Webエンジニア,株式会社Smallit,あなたのアイデアが会社の未来を創る！！そんな仕事をしてみませんか？,https://www.wantedly.com/projects/518349
Webエンジニア,株式会社Smallit,渋⾕スクランブルスクエアからー世界を変えるー立ち上げメンバーwanted！,https://www.wantedly.com/projects/499768
Webエンジニア,株式会社Smallit,渋谷スクランブルスクエアから みんなを笑顔にできるサービスを作りませんか,https://www.wantedly.com/projects/569492
Webエンジニア,株式会社Smallit,渋谷スクランブルスクエアから世界へ　全力で働きたいあなたをwanted！！,https://www.wantedly.com/projects/607626
Webエンジニア,株式会社Smallit,渋谷スクランブルスクエアから、最先端の技術をもった組織を作りませか？？,https://www.wantedly.com/projects/541932
Webエンジニア,ソニーネットワークコミュニケーションズスマートプラットフォーム株式会社,IoTプラットフォームを開発する、ソフトウェアエンジニア募集！,https://www.wantedly.com/projects/475026
Webエンジニア,株式会社ケップル,Webエンジニア／グローバルなSaaSプロダクトづくりにチームで取り組む,https://www.wantedly.com/projects/115932
フリーランス,株式会社エイト,web開発！フリーランスエンジニアの募集,https://www.wantedly.com/projects/531736
Webエンジニア,株式会社ユーザベース,海外で世界一の経済情報プラットフォームを作りたいエンジニア募集！,https://www.wantedly.com/projects/45821
社内SE,Peach株式会社,Webからアプリまで！自分のアイディア を形にしたい社内エンジニア募集中！,https://www.wantedly.com/projects/498527
フロントSE／PL＠東京,株式会社スマートバリュー,自社開発＊SE/PG→SE・PLとして上流工程にキャリアUPしたい方募集！,https://www.wantedly.com/projects/486578
webエンジニア,株式会社スマートバリュー,自社開発テレマティクスサービスのプロジェクトリーダー＊東京,https://www.wantedly.com/projects/486598
Webエンジニア,ワークスアイディ株式会社（旧：キューアンドエーワークス株式会社）,クライアントは有名・大手企業！世の中に影響を与えたいエンジニアWanted,https://www.wantedly.com/projects/603329
Java系エンジニア,東京システムハウス株式会社,成長できない。それ実は、環境のせい？新たな職場で高みを目指しませんか？,https://www.wantedly.com/projects/563169
Webエンジニア,株式会社ＪＶ,新規Webサービスの立ち上げ。企画段階から携わりたいエンジニアを募集。,https://www.wantedly.com/projects/627661
"PJTリーダー,エンジニア",ＳＭＮ株式会社,ビッグデータ超高速処理システムを広く深く知りたい長期インターン募集！！,https://www.wantedly.com/projects/627029
システムエンジニア,株式会社ビットエー,システムエンジニア募集！成長中の企業でサービスを一緒に作り上げませんか,https://www.wantedly.com/projects/286552
システムエンジニア,オーシャン・アンド・パートナーズ株式会社,100%カスタマーダイレクト、リモート開発スタイル。エンジニア募集！,https://www.wantedly.com/projects/628548
バックエンドエンジニア,株式会社ライトコード,東京/モダンな開発が出来る環境！WEB系バックエンドエンジニア大募集！,https://www.wantedly.com/projects/624048
バックエンドエンジニア,株式会社ライトコード,東京｜BtoC向けWEBシステム開発のバックエンドエンジニア募集！,https://www.wantedly.com/projects/628371
Webエンジニア,アジアクエスト株式会社,Java経験者大募集｜Webアプリケーションエンジニア／受託開発／東京勤務,https://www.wantedly.com/projects/320772
アプリケーションエンジニア,株式会社船井総合研究所,総合コンサルティングファームで自社開発のアプリケーションエンジニアを募集！,https://www.wantedly.com/projects/523543
Java／PHP／中途採用,株式会社リック,最短最速で自分軸を作る！本当の開発を体感したい駆け出しエンジニアさん募集！,https://www.wantedly.com/projects/402399
プログラマ,株式会社フジボウル,Scratchプログラマ募集 ！先輩社員が丁寧にお教えします,https://www.wantedly.com/projects/581329
Webエンジニア,株式会社フジボウル,長く一緒に仕事ができる方に来ていただきたいです,https://www.wantedly.com/projects/541078
Webエンジニア,株式会社フジボウル,まじめな人、誠実な人を募集しています,https://www.wantedly.com/projects/552543
Webエンジニア,株式会社フジボウル,まじめな人、コツコツと仕事ができる人が、評価される会社です,https://www.wantedly.com/projects/504658
エンジニア（経験者）,株式会社プラウドデータ,Java/C#/COBOL他利用しアプリ開発、ECサイト構築等！エンジニア,https://www.wantedly.com/projects/438466
エンジニア｜中途経験者,株式会社VITA,SQLに触れてきたエンジニア経験者の方！データ分析に挑戦してみませんか？,https://www.wantedly.com/projects/628537
エンジニア｜中途経験者,株式会社VITA,アプリ開発チーム立ち上げ！コアメンバーとして活躍したいエンジニアを大募集！,https://www.wantedly.com/projects/602923
エンジニア｜中途経験者,株式会社VITA,SQLに触れてきたエンジニア経験者の方！データ分析に挑戦してみませんか？,https://www.wantedly.com/projects/588302
