"",ジャンル,タイトル,会社名,URL
1,未経験エンジニア,株式会社夢テクノロジー,ゼロからITエンジニアに挑戦！学びながら成長できる環境あります！,https://www.wantedly.com/projects/601191
2,バックエンド,株式会社トリドリ,Ruby on Railsを用いて自社サービスの開発！バックエンド募集,https://www.wantedly.com/projects/534352
3,アプリ開発/自社開発,└ 株式会社トリドリ,自社サービスでアプリ開発／企業×インフルエンサーマッチングサービス,https://www.wantedly.com/projects/561640
4,iOS / Android開発,└ 株式会社トリドリ,iOSもAndroidも#Flutterでアプリ開発ができるエンジニア募集,https://www.wantedly.com/projects/540657
5,バックエンド/WEBシステム,└ 株式会社トリドリ,#RubyonRailsでコードが書けるエンジニア／自由なスタイルで働ける,https://www.wantedly.com/projects/569534
6,バックエンド,└ 株式会社トリドリ,#Ruby on Rails のプロ求む！自社開発のバックエンド担当,https://www.wantedly.com/projects/538052
7,バックエンド/WEBシステム,└ 株式会社トリドリ,自由度の高い職場でバックエンドのコアメンバー募集！,https://www.wantedly.com/projects/607499
8,バックエンド,└ 株式会社トリドリ,#RubyonRails！自社開発！自由な環境！バックエンドエンジニア募集,https://www.wantedly.com/projects/555720
9,バックエンド,└ 株式会社トリドリ,RubyonRails実務経験者！自社開発で成長したいWebエンジニア募集,https://www.wantedly.com/projects/551365
10,バックエンド,└ 株式会社トリドリ,#RubyonRailsスキル求む！！自社開発のバックエンドポジション募集,https://www.wantedly.com/projects/544166
11,バックエンド,└ 株式会社トリドリ,#Ruby on Railsを使いこなせる！自社開発のバックエンド募集,https://www.wantedly.com/projects/540661
12,決済アプリ開発（サーバサイド）,ネットムーブ株式会社,30万店舗で利用されている決済バックエンドアプリ開発エンジニア募集中！,https://www.wantedly.com/projects/477777
13,モバイルアプリ開発,└ ネットムーブ株式会社,モバイルペイメントアプリ開発エンジニア募集中！,https://www.wantedly.com/projects/454085
14,アプリ開発（バックエンド）,└ ネットムーブ株式会社,決済バックエンドアプリ開発エンジニア募集中！,https://www.wantedly.com/projects/454418
15,PHPサーバーサイドエンジニア,スパイラルセンス株式会社,ゲーム・アプリ開発の縁の下の力持ち！PHPサーバーサイドエンジニアを大募集,https://www.wantedly.com/projects/593738
16,エンジニア大募集,株式会社Her's,案件あふれてます！ディレクションから開発までできるWebデザイナー募集！,https://www.wantedly.com/projects/587710
17,Webエンジニア,株式会社スタートアップテクノロジー,Webシステムからアプリ開発まで！新規事業開発に携わりたいエンジニア募集！,https://www.wantedly.com/projects/465502
18,Railsエンジニア,└ 株式会社スタートアップテクノロジー,納品のないプロダクト開発に取り組むWebエンジニア募集！,https://www.wantedly.com/projects/622583
19,Webエンジニア,└ 株式会社スタートアップテクノロジー,課題解決を楽しめるRailsエンジニア募集！,https://www.wantedly.com/projects/587796
20,Webエンジニア,バルール株式会社,WEB全般のプログラムを使いこなせるようになりたいプログラマー募集,https://www.wantedly.com/projects/245345
21,Webエンジニア,株式会社Asobica,カスタマーサクセス領域を支援するWebアプリの開発｜Railsエンジニア,https://www.wantedly.com/projects/305493
22,"アーキテクト,バックエンド",株式会社ウィルゲート,Webサービス開発のアーキテクト｜バックエンドエンジニアWanted!,https://www.wantedly.com/projects/215699
23,Webエンジニア,アクシスモーション株式会社,バックエンド実務経験者募集！丁寧なプログラミングができる人,https://www.wantedly.com/projects/204964
24,Webエンジニア,SO Technologies 株式会社,地方経済を盛りあげる新規事業/Webアプリ開発のテックリード募集！！,https://www.wantedly.com/projects/519512
25,Webエンジニア（ATOM）,└ SO Technologies 株式会社,モダンな開発環境で自社プロダクト開発したいWebエンジニア募集！！,https://www.wantedly.com/projects/477974
26,Webエンジニア(ATOM),└ SO Technologies 株式会社,開発チームをリードし、スクラム開発したいWebエンジニアWANTED！！,https://www.wantedly.com/projects/491429
27,Webエンジニア(ATOM),└ SO Technologies 株式会社,地方活性化に特化したWebマーケティングテクノロジーの開発エンジニア募集！,https://www.wantedly.com/projects/502104
28,Webエンジニア（ライクル）,└ SO Technologies 株式会社,ユーザー目線の開発で地方活性化！！チームで開発を行うWebエンジニア募集！,https://www.wantedly.com/projects/475095
29,Webエンジニア(ATOM),└ SO Technologies 株式会社,フレキシブルな環境で技術を発揮！！チーム開発のWebエンジニア募集！！,https://www.wantedly.com/projects/495818
30,Webエンジニア（ATOM）,└ SO Technologies 株式会社,自社サービスの開発チームをリードするWebエンジニア募集！！,https://www.wantedly.com/projects/508956
31,LAMP環境開発,株式会社インプレイ,ITの力で感動体験を創出しませんか？WEBアプリ開発エンジニア募集！,https://www.wantedly.com/projects/534053
32,未経験 研修 開発 アプリ,株式会社 topnote,人柄重視！０からプログラミングを学びWEBエンジニアになりたい方を大募集！,https://www.wantedly.com/projects/498139
33,未経験 研修 開発 アプリ,└ 株式会社 topnote,圧倒成長をここで！０からITベンチャーでWEBエンジニアになりたい人を募集,https://www.wantedly.com/projects/617402
34,未経験 研修 開発 アプリ,└ 株式会社 topnote,研修でゼロからプログラミングを学びWEBエンジニアになりたい方を大募集〜！,https://www.wantedly.com/projects/528117
35,未経験 研修 開発 アプリ,└ 株式会社 topnote,ゼロからプログラミングを学びWEBエンジニアになりたい方を大募集〜！,https://www.wantedly.com/projects/485362
36,未経験 研修 開発 アプリ,└ 株式会社 topnote,ゼロからプログラミングを学びWEBエンジニアになりたい初心者を大募集〜！,https://www.wantedly.com/projects/523328
37,未経験 研修 開発 アプリ,└ 株式会社 topnote,ゼロからプログラミングを学んでWEBエンジニアになりたい初心者を大募集〜！,https://www.wantedly.com/projects/550142
38,未経験 研修 開発 アプリ,└ 株式会社 topnote,基礎からプログラミングを学びWEBエンジニアになりたい方を大募集〜！,https://www.wantedly.com/projects/496037
39,Webエンジニア,株式会社ネオラボ,ヘルステックからエンタメまで案件が多彩！WEBアプリ開発経験者を募集,https://www.wantedly.com/projects/572262
40,システムエンジニア,株式会社ネイティブキャンプ,急成長スタートアップでWEB・アプリ開発に携わるWEBエンジニアを募集！,https://www.wantedly.com/projects/586441
41,システムエンジニア,└ 株式会社ネイティブキャンプ,ダウンロード数業界No.1！アプリ開発に携わるシステムエンジニア募集！,https://www.wantedly.com/projects/577337
42,システムエンジニア,└ 株式会社ネイティブキャンプ,フィールドはグローバル！急成長中ベンチャーでWEB・アプリ開発を担う！,https://www.wantedly.com/projects/591398
43,Webエンジニア,└ 株式会社ネイティブキャンプ,世界へ拡大中！急成長スタートアップで企画開発を担うWEBエンジニア募集！,https://www.wantedly.com/projects/607103
44,Webエンジニア,└ 株式会社ネイティブキャンプ,急成長スタートアップでWEB・アプリ開発に携わるWEBエンジニアを募集！,https://www.wantedly.com/projects/624131
45,未経験歓迎！機械学習エンジニア,株式会社ラクスパートナーズ,プログラミング経験を活かしデータ分析業務を！3か月で機械学習エンジニア,https://www.wantedly.com/projects/565063
46,サーバサイドエンジニア,株式会社ハウテレビジョン,Webアプリ開発経験者歓迎！ユーザーファーストな圧倒的スピード開発！,https://www.wantedly.com/projects/302624
47,サーバーサイドエンジニア,株式会社アプトポッド,golangエンジニア募集！大手メーカーの研究開発を支えるIoT基盤開発,https://www.wantedly.com/projects/110490
48,webエンジニア,株式会社インフラトップ,プログラミングスクールの学習システムを開発するwebエンジニア募集,https://www.wantedly.com/projects/625156
49,データサイエンティスト,株式会社AVILEN,AIエンジニア志望学生歓迎！ディープラーニング開発インターン,https://www.wantedly.com/projects/398826
50,フルスタックエンジニア,└ 株式会社AVILEN,web開発が大好きで仕方ない貴方！自分の技術スタックを試してみませんか？！,https://www.wantedly.com/projects/480818
51,フルスタックエンジニア,└ 株式会社AVILEN,急速成長中のAI企業が、開発経験豊富なwebエンジニアを募集します！,https://www.wantedly.com/projects/467895
52,バックエンド,株式会社ヒプスター,Javaでwebアプリ開発！フリーランス/社員募集！,https://www.wantedly.com/projects/624376
53,Railsエンジニア,株式会社3Backs,Railsで新規開発！自社プロダクトを開発する駆け出しエンジニアを大募集！,https://www.wantedly.com/projects/571057
54,Webエンジニア,└ 株式会社3Backs,モダンな自社開発企業で経験を積もう！ Webエンジニア超募集,https://www.wantedly.com/projects/576486
55,未経験からエンジニアへ！！,└ 株式会社3Backs,新規プロダクト自社開発のWEB系エンジニアを育成採用枠で超募集！,https://www.wantedly.com/projects/536546
56,プログラミングスクール卒業生,└ 株式会社3Backs,プログラミングスクール卒業生の皆さん！自社サービス企業で実務経験を積もう！,https://www.wantedly.com/projects/544953
57,フルスタックエンジニア,株式会社PIGNUS,バックエンド経験者募集！Webマーケ領域における新規サービス開発,https://www.wantedly.com/projects/557802
58,バックエンドエンジニア,└ 株式会社PIGNUS,急成長ベンチャーで0→1のプロダクト開発！バックエンドのテックリード募集！,https://www.wantedly.com/projects/544352
59,バックエンドエンジニア,└ 株式会社PIGNUS,自社でゼロイチを作りたいバックエンドエンジニア募集！,https://www.wantedly.com/projects/585843
60,バックエンドエンジニア,└ 株式会社PIGNUS,自社サービス開発をドライブさせるバックエンドエンジニア募集！,https://www.wantedly.com/projects/620369
61,Webエンジニア,株式会社キャラウェブ,サーバーレス等のAWSをフル活用しWebアプリ開発を行うエンジニア募集！,https://www.wantedly.com/projects/625055
62,Webエンジニア,Kredo Japan株式会社,プログラミングスクール卒業生必見！セブ島勤務のWebエンジニア募集！,https://www.wantedly.com/projects/445793
63,Webエンジニア,└ Kredo Japan株式会社,セブ島勤務の社会人インターン！Webシステム開発エンジニア募集！,https://www.wantedly.com/projects/445790
64,エンジニア,株式会社ゲームトレード,RailsでRMT市場をグロース。業界を牽引する自社プロダクト開発をお任せ,https://www.wantedly.com/projects/590662
65,エンジニア,└ 株式会社ゲームトレード,railsエンジニアマネージャー募集。業界を先導するプロダクトをグロース！,https://www.wantedly.com/projects/611493
66,エンジニア,└ 株式会社ゲームトレード,Rails経験者必見！ゲーム市場で自社マーケットプレイスを創りませんか？,https://www.wantedly.com/projects/564367
67,エンジニア,└ 株式会社ゲームトレード,RMT市場で自社プロダクトを拡大展開。Railsエンジニアマネージャー募集,https://www.wantedly.com/projects/617700
68,Webエンジニア,TINAMI株式会社,イラスト・マンガ系の新Webサービス Twoucan 開発エンジニア募集！,https://www.wantedly.com/projects/374364
69,Railsエンジニア,株式会社アーキベース,拡大期のベンチャーでRailsエンジニア経験を活かして開発に携わりませんか,https://www.wantedly.com/projects/565238
70,プログラマー,株式会社ドリームオンライン,Webプログラミング経験者さんWanted！お気軽にお話だけでもどうぞ！,https://www.wantedly.com/projects/324538
71,モバイルエンジニア,└ 株式会社ドリームオンライン,アプリ開発をしたい方、幅広いジャンルの開発ができる当社で活躍しませんか？,https://www.wantedly.com/projects/348283
72,フルスタックエンジニア,└ 株式会社ドリームオンライン,開発の中心として活躍したいフルスタック・WebエンジニアをWanted！,https://www.wantedly.com/projects/327917
73,PHPプログラマー,└ 株式会社ドリームオンライン,PHPやJavaを中心に、幅広くWEB開発をしたいエンジニアWanted！,https://www.wantedly.com/projects/364556
74,iOS/Android,└ 株式会社ドリームオンライン,ジャンルに拘らず、様々なアプリ開発に携わりスキルアップしたいエンジニア募集,https://www.wantedly.com/projects/359935
75,iOS/Android開発者,└ 株式会社ドリームオンライン,エンタメからヘルスケア、幅広くアプリ開発に携わりたいエンジニア募集中！,https://www.wantedly.com/projects/438871
76,Webエンジニア,└ 株式会社ドリームオンライン,PHP開発を中心とする、WEBプログラマーWANTED！,https://www.wantedly.com/projects/403965
77,PHP/Javaエンジニア,└ 株式会社ドリームオンライン,経験者募集中！PHPなどWEB開発経験豊富なエンジニアWanted！,https://www.wantedly.com/projects/438867
78,iOSAndroidエンジニア,└ 株式会社ドリームオンライン,エンタメやヘルスケアなど、多様な分野のアプリ開発に携わるエンジニア募集中！,https://www.wantedly.com/projects/342105
79,モバイルエンジニア,└ 株式会社ドリームオンライン,ジャンルを絞らずiOSやAndroidのアプリ開発に挑戦したい方を募集！,https://www.wantedly.com/projects/403971
80,Webエンジニア,株式会社クラウドワークス,5年後の働き方を支えるRailsエンジニアの募集！,https://www.wantedly.com/projects/55681
81,Rails エンジニア,└ 株式会社クラウドワークス,エンジニアの働き方を変えたいRailsエンジニアの募集,https://www.wantedly.com/projects/433365
82,アプリ開発エンジニア,アルサーガパートナーズ株式会社,幅広い業界のアプリ開発に参画できる！アプリエンジニア,https://www.wantedly.com/projects/612847
83,アプリ開発,KYOKYU株式会社,経験が浅い方でも大歓迎！集客用アプリ開発をお任せします！,https://www.wantedly.com/projects/591928
84,Railsエンジニア,株式会社Samurai,<未経験者も歓迎>RailsでFintechアプリを開発したい人募集!,https://www.wantedly.com/projects/156440
85,Webエンジニア,└ 株式会社Samurai,自社O2OのASP製品を一緒に開発してくれるRailsエンジニアを募集！,https://www.wantedly.com/projects/5804
86,Webエンジニア,└ 株式会社Samurai,Fintech領域で前人未踏に働きたいRailsエンジニア募集！,https://www.wantedly.com/projects/91101
87,Railsエンジニア,メドピア株式会社,Railsでヘルステック事業を前進させるサービス開発エンジニアを大募集！,https://www.wantedly.com/projects/314435
88,Railsエンジニア,└ メドピア株式会社,Railsエンジニア募集！データと技術の掛け合わせで医療体験を変えませんか,https://www.wantedly.com/projects/597536
89,iOS/Android,イナゾウ株式会社,ネイティブアプリの設計から開発まで。アプリ開発の中心となるエンジニア募集！,https://www.wantedly.com/projects/450863
90,中途・第二新卒｜エンジニア,└ イナゾウ株式会社,プログラミングに熱中しているアナタ。あなたにぴったりな職場がウチです！,https://www.wantedly.com/projects/524896
91,中途・第二新卒Webエンジニア,└ イナゾウ株式会社,チームでスキルを高め合いたい！プログラミングが大好きなエンジニア募集！,https://www.wantedly.com/projects/506871
92,webエンジニア/中途,└ イナゾウ株式会社,プログラミングに魅了された。そんな生粋のプログラミング好き募集！！,https://www.wantedly.com/projects/460660
93,中途/言語不問,└ イナゾウ株式会社,プログラミングスクール卒募集！働き方重視のITベンチャーで働きませんか？,https://www.wantedly.com/projects/446950
94,Web開発リーダー,株式会社イーリバースドットコム,組織拡大中！Rails、C#、React、Vue等の自社開発やりませんか？,https://www.wantedly.com/projects/600514
95,Web開発(PL/PM候補),└ 株式会社イーリバースドットコム,Rails|建設DXが今熱い！CON-TECHの最前線で企画から手掛ける！,https://www.wantedly.com/projects/552321
96,サーバーサイド（リーダー候補）,└ 株式会社イーリバースドットコム,モダンWeb開発等新技術積極活用！サーバーサイドエンジニアリーダー候補募集,https://www.wantedly.com/projects/514791
97,新規事業開発Webエンジニア,└ 株式会社イーリバースドットコム,ビジネス目線で開発に取り組める！Web開発のラボチームで活躍してみませんか,https://www.wantedly.com/projects/622505
98,バックエンド（リーダー候補）,└ 株式会社イーリバースドットコム,Ruby On Rails｜アナログな業界の当たり前を底上げしてください！,https://www.wantedly.com/projects/556176
99,Railsエンジニア,株式会社Linc,ユーザ急増中プロダクトの開発をしませんか？Railsエンジニア募集！,https://www.wantedly.com/projects/266680
100,Androidエンジニア,└ 株式会社Linc,新規のアプリ開発につき、Androidエンジニア募集！,https://www.wantedly.com/projects/270877
101,iOSエンジニア,└ 株式会社Linc,新規のアプリ開発につき、iOSエンジニア募集！,https://www.wantedly.com/projects/270869
102,バックエンドエンジニア,株式会社GIG,最新技術を使ってサービス開発を！リーダー候補のバックエンドエンジニアを募集,https://www.wantedly.com/projects/564750
103,サーバーサイドエンジニア,└ 株式会社GIG,分野を広げた開発に挑戦！Webサービスを作るサーバーサイドエンジニアを募集,https://www.wantedly.com/projects/529618
104,サーバーサイドエンジニア,└ 株式会社GIG,新たなWebサービスを開発したい、サーバーサイドエンジニアを募集！,https://www.wantedly.com/projects/294781
105,バックエンドエンジニア,└ 株式会社GIG,スタートアップでチームをリードする、バックエンドエンジニアを募集！,https://www.wantedly.com/projects/607367
106,サーバーサイドエンジニア,└ 株式会社GIG,異業界からWebサービス開発にチャレンジしたい、サーバーサイドエンジニア,https://www.wantedly.com/projects/298769
107,サーバーサイドエンジニア,└ 株式会社GIG,バックエンド開発に挑戦！スタートアップで成長したいエンジニアを募集,https://www.wantedly.com/projects/540415
108,バックエンドエンジニア,└ 株式会社GIG,開発からマネジメントまで！チームを主導するバックエンドエンジニアを募集,https://www.wantedly.com/projects/570803
109,Webエンジニア,株式会社crispy,少数精鋭チームで開発！お買い物サービスを作るRailsエンジニア募集,https://www.wantedly.com/projects/583044
110,Webエンジニア,└ 株式会社crispy,少数精鋭チームで開発！お買い物サービスを作るRailsエンジニア募集,https://www.wantedly.com/projects/433615
111,Webエンジニア,└ 株式会社crispy,少数精鋭チームで開発！お買い物サービスを作るRailsエンジニア募集,https://www.wantedly.com/projects/436245
112,サーバーサイドエンジニア,株式会社WARC,Rails・サーバーサイド｜HR techのプロダクト開発エンジニア募集！,https://www.wantedly.com/projects/523030
113,バックエンドエンジニア,りらいあデジタル株式会社,AIチャットボットから、その先の世界へ。バックエンドエンジニア募集,https://www.wantedly.com/projects/266837
114,バックエンドエンジニア,└ りらいあデジタル株式会社,AIチャットボットサーバーを支えるRuby on Railsエンジニア募集,https://www.wantedly.com/projects/284955
115,バックエンドエンジニア,└ りらいあデジタル株式会社,AIチャットボット開発をリードするRuby on Railsエンジニア募集,https://www.wantedly.com/projects/274603
116,バックエンドエンジニア,株式会社QuickWork,自社サービス/アジャイル┃Python×Reactバックエンド開発者！,https://www.wantedly.com/projects/621208
117,バックエンドエンジニア,└ 株式会社QuickWork,Python × Django バックエンド開発|自社サービス/アジャイル,https://www.wantedly.com/projects/624750
118,Webエンジニア,ペリプラス株式会社,SaaS型CMSを開発するRailsエンジニアを募集！,https://www.wantedly.com/projects/544155
119,サーバサイドエンジニア,株式会社アンドパッド,急成長中の業界シェアNo.1自社アプリを開発するRailsエンジニア募集,https://www.wantedly.com/projects/177378
120,Webエンジニア,株式会社Crew,何よりもプログラム力を高めたい駆け出しWEBエンジニア募集！,https://www.wantedly.com/projects/624261
121,バックエンドエンジニア,株式会社グロービス,未来の教育を創るRailsエンジニア募集！toB向け開発,https://www.wantedly.com/projects/595706
122,バックエンドエンジニア,└ 株式会社グロービス,次世代の経営教育モデルの研究開発を推進するバックエンドエンジニア募集,https://www.wantedly.com/projects/595783
123,バックエンドエンジニア,└ 株式会社グロービス,未来の教育を創るRailsエンジニア募集！toC向け開発,https://www.wantedly.com/projects/595726
124,Rubyエンジニア,株式会社JMDC,個人の健康データを統合管理するサービスをRailsで開発しませんか ？,https://www.wantedly.com/projects/285091
125,Rubyエンジニア,株式会社イデアルアーキテクツ,Ruby on Railsでガンガン開発したいエンジニアWanted!!,https://www.wantedly.com/projects/157324
126,PHPエンジニア,└ 株式会社イデアルアーキテクツ,もっと実力をつけたい！向上心のあるWeb開発エンジニアWanted!!,https://www.wantedly.com/projects/257688
127,Rubyエンジニア,└ 株式会社イデアルアーキテクツ,名古屋勤務！！設立6年目ベンチャーでRails開発しよう！,https://www.wantedly.com/projects/602380
128,Rubyエンジニア,└ 株式会社イデアルアーキテクツ,大阪勤務！！設立6年目ベンチャーでRails開発しよう！,https://www.wantedly.com/projects/602379
129,Rails使い,└ 株式会社イデアルアーキテクツ,RubyonRailsを使った開発ならおまかせ！ルビィストWanted!!,https://www.wantedly.com/projects/130832
130,Rubyエンジニア,└ 株式会社イデアルアーキテクツ,Rubyの女神Wanted!! Rails使ってガリガリ開発しよう！,https://www.wantedly.com/projects/148847
131,Rubyエンジニア,└ 株式会社イデアルアーキテクツ,Rubyの女神Wanted!!設立6年目ベンチャーでRails開発しよう！,https://www.wantedly.com/projects/155089
132,Ruby on Rails使い,└ 株式会社イデアルアーキテクツ,設立6年目に突入し、社員72名！急成長企業で活躍するRails使い募集！,https://www.wantedly.com/projects/122237
133,Swiftエンジニア,└ 株式会社イデアルアーキテクツ,IOS向けアプリ開発がしたいSwiftエンジニアWanted!!,https://www.wantedly.com/projects/275557
134,サーバーサイドエンジニア,株式会社ジョリーグッド,Vue.jsとRailsで開発したいサーバーサイドエンジニア募集！！,https://www.wantedly.com/projects/258946
135,Railsエンジニア,株式会社マネーフォワード,ビッグデータを活用した個人向けサービスの開発を担うRailsエンジニア！,https://www.wantedly.com/projects/185681
136,Web開発エンジニア,└ 株式会社マネーフォワード,日本の会計シーンを変える鍵を持つクラビスでのWeb開発エンジニアを募集！,https://www.wantedly.com/projects/440767
137,Railsエンジニア,└ 株式会社マネーフォワード,お金の課題を解決するB2Bサービスを支える！Railsエンジニアを募集！,https://www.wantedly.com/projects/284246
138,Railsエンジニア,└ 株式会社マネーフォワード,金融業界向けFintechサービスを共創するRailsエンジニアの募集！,https://www.wantedly.com/projects/285687
139,バックエンドエンジニア,└ 株式会社マネーフォワード,新たな金融サービスをイチから構築するバックエンドエンジニア募集！,https://www.wantedly.com/projects/593559
140,Railsエンジニア,└ 株式会社マネーフォワード,金融業界向けFintechサービスを開発するRailsエンジニアを募集！,https://www.wantedly.com/projects/66698
141,Webエンジニア,└ 株式会社マネーフォワード,GolangでB2B SaaSのバックエンドを開発したいエンジニアを募集！,https://www.wantedly.com/projects/408064
142,Androidエンジニア,└ 株式会社マネーフォワード,国内最大級クラウド会計アプリ開発を担うAndroidエンジニア募集！,https://www.wantedly.com/projects/282474
143,Webエンジニア,株式会社フォトシンス（Akerun）,Railsエンジニア/サブスク型SaaS企業で認証プラットフォーム開発！,https://www.wantedly.com/projects/600766
144,エンジニア,株式会社TAM,コードで課題を解決する、フロント/バックエンドWEBエンジニア募集！,https://www.wantedly.com/projects/46856
145,バックエンドエンジニア,└ 株式会社TAM,自社の新Webサービス開発コアメンバー！バックエンドエンジニア経験者募集！,https://www.wantedly.com/projects/453391
146,バックエンドエンジニア,C Channel株式会社,新時代のプラットフォーム開発を支えるバックエンドエンジニアを募集！,https://www.wantedly.com/projects/570304
147,バックエンドエンジニア,株式会社ビットエー,流行りのアプリ開発より、ずっと必要とされるPHPで開発しませんか？,https://www.wantedly.com/projects/587065
148,リーダー候補,└ 株式会社ビットエー,WEBサービス開発を支える縁の下の力持ち！サーバーサイドエンジニア募集,https://www.wantedly.com/projects/624959
149,マネージャー候補,└ 株式会社ビットエー,Reactを使ったWEB開発の中核となるフロントエンドエンジニア募集！,https://www.wantedly.com/projects/614565
150,リーダー候補,└ 株式会社ビットエー,何よりもプログラム力を高めたいフロントエンドエンジニア募集！リーダー候補,https://www.wantedly.com/projects/587060
151,マネージャー候補,└ 株式会社ビットエー,バックエンド開発で日本のデジタル化を牽引！エンジニア大募集！,https://www.wantedly.com/projects/620275
152,マネージャー候補,└ 株式会社ビットエー,PHPで開発したいバックエンドエンジニア募集！マネージャー候補,https://www.wantedly.com/projects/587062
153,サーバーサイドエンジニア,株式会社メイツ,新サービスの開発に携わるバックエンドエンジニア　教育系アプリ,https://www.wantedly.com/projects/521015
154,Webエンジニア,株式会社ROBON,第二新卒／自社開発でプログラミングスキルと自己成長を目指すエンジニア募集,https://www.wantedly.com/projects/580742
155,Webエンジニア,└ 株式会社ROBON,第二新卒 | プログラミングスキルを磨きたい自社サービスのエンジニアを募集,https://www.wantedly.com/projects/533082
156,Webエンジニア,└ 株式会社ROBON,第二新卒 | プログラミングスキルを磨きたい自社サービスのエンジニアを募集,https://www.wantedly.com/projects/481786
157,Webエンジニア,└ 株式会社ROBON,第二新卒 | プログラミングスキルを磨きたい自社サービスのエンジニアを募集,https://www.wantedly.com/projects/508553
158,Webエンジニア,└ 株式会社ROBON,第二新卒／自社開発でプログラミングのスキルアップを目指したいエンジニア募集,https://www.wantedly.com/projects/604337
159,Webエンジニア,└ 株式会社ROBON,第二新卒／自社開発でプログラミングスキルと自己成長を目指すエンジニア募集,https://www.wantedly.com/projects/615249
160,Railsエンジニア/正社員,株式会社ポケットマルシェ,農家・漁師から産直のC2Cサービス開発の中核を担うRailsエンジニア募集,https://www.wantedly.com/projects/451001
161,Railsエンジニア,KiZUKAI,Rails人材コアメンバー！AIを活用するCXMサービスの開発職を募集,https://www.wantedly.com/projects/596439
162,Railsエンジニア,└ KiZUKAI,Rails人材コアメンバー！AIを活用するCXMサービスの開発職を募集,https://www.wantedly.com/projects/582209
163,マッチングアプリ開発エンジニア,株式会社ライフアップ,ゴルフビジネス事業のローンチに向けた、アプリ開発エンジニアをWanted,https://www.wantedly.com/projects/580060
164,キャリア採用／バックエンド,株式会社Wiz,PHP｜自社開発グロースハックがミッション！バックエンドのリードエンジニア,https://www.wantedly.com/projects/550936
165,バックエンドエンジニア,株式会社デパート,Web制作を支えるバックエンドエンジニア募集！,https://www.wantedly.com/projects/604730
166,テクニカルディレクター,└ 株式会社デパート,開発からディレクションまで！バックエンド&テクニカルディレクター募集,https://www.wantedly.com/projects/595770
167,Railsエンジニア,レンティオ株式会社,急成長中のレンタルECサイトを開発するRailsエンジニア募集！,https://www.wantedly.com/projects/343587
168,iOSエンジニア,株式会社SARAH,多岐にわたって活躍できる！アプリ開発を極めるiOSエンジニア募集！！,https://www.wantedly.com/projects/589245
169,バックエンドエンジニア,└ 株式会社SARAH,自走力を活かしてフルスタックに活躍できるバックエンドエンジニア募集！,https://www.wantedly.com/projects/591725
170,iOSエンジニア,└ 株式会社SARAH,ごはん×ITで暮らしを豊かに！自社アプリ開発エンジニア募集！！,https://www.wantedly.com/projects/517306
171,Railsエンジニア,└ 株式会社SARAH,Railsエンジニアの創業メンバーとしてSARAHに参画しませんか？,https://www.wantedly.com/projects/379948
172,iOSエンジニア,└ 株式会社SARAH,事業成長にダイレクトに貢献！アプリ開発を極めたいiOSエンジニア募集！！,https://www.wantedly.com/projects/498646
173,Railsエンジニア,└ 株式会社SARAH,もっと書きたい！作りたい！くすぶってるRailsエンジニア募集！,https://www.wantedly.com/projects/282424
174,バックエンドエンジニア,└ 株式会社SARAH,食の課題を解決する！自社サービスの成長を支えるバックエンドエンジニア募集！,https://www.wantedly.com/projects/574188
175,サーバーサイドエンジニア,└ 株式会社SARAH,創業メンバーとして自社サービスを創る！RailsエンジニアさんWanted,https://www.wantedly.com/projects/383635
176,アプリエンジニア,└ 株式会社SARAH,モダンな技術に触れながら、自社アプリ開発を極めたいエンジニアWanted！,https://www.wantedly.com/projects/412236
177,バックエンドエンジニア/情報シ,株式会社ADrim,事業拡大中のWEBマーケティング会社でのバックエンドエンジニア,https://www.wantedly.com/projects/620855
178,アプリエンジニア,株式会社レイハウオリ,アプリ開発を極めたいiOS/AndroidエンジニアWANTED！,https://www.wantedly.com/projects/376489
179,アプリエンジニア,└ 株式会社レイハウオリ,Kotlinでアプリ開発をしませんか？アプリ好きなエンジニアWANTED！,https://www.wantedly.com/projects/398689
180,アプリエンジニア,└ 株式会社レイハウオリ,受託制作から大手向けの開発支援まで！アプリ開発のリードエンジニア募集！,https://www.wantedly.com/projects/330857
181,iOSエンジニア,MAMORIO株式会社,IoT×Swiftで美しいアプリ開発をしたいプログラマーをウォンテッド！,https://www.wantedly.com/projects/108689
182,サーバーサイドエンジニア,株式会社Relic,成長中のFintechプロダクトを開発したいRailsエンジニアを募集！,https://www.wantedly.com/projects/524007
183,サーバーサイドエンジニア,└ 株式会社Relic,Webサービスが大好きな人歓迎！スクラム開発で新規事業を立ち上げませんか？,https://www.wantedly.com/projects/568378
184,Railsエンジニア,└ 株式会社Relic,自由な風土で新しいプロダクトを生み出してみたいRailsエンジニア募集！,https://www.wantedly.com/projects/568366
185,バックエンドエンジニア,株式会社GNEX,領域を超えるバックエンド開発で顧客のマーケティング課題を解決したい方募集！,https://www.wantedly.com/projects/237692
186,iOSエンジニア,株式会社Diverse,Flutter活用の自社アプリ開発！スキルを磨きたいiOSエンジニア募集！,https://www.wantedly.com/projects/575129
187,Webバックエンドエンジニア,ハンズラボ株式会社,東急ハンズのEC領域を支えるWebバックエンドエンジニアを募集！,https://www.wantedly.com/projects/513389
188,Webバックエンドエンジニア,└ ハンズラボ株式会社,東急ハンズのポイント領域を支えるWebバックエンドエンジニアを募集！,https://www.wantedly.com/projects/472109
189,Railsエンジニア,株式会社Leaner Technologies,自社クラウド設計・開発で業界の次世代スタンダードを創るRailsエンジニア,https://www.wantedly.com/projects/429153
190,プログラマー,トリヒコ株式会社,異空間のクリエーター。世界の舞台で挑戦！モバイルプログラム開発,https://www.wantedly.com/projects/380702
191,Swift,株式会社トリビュー,iOS｜技術力はもちろん、ユーザー体験向上を考えられるアプリ開発エンジニア,https://www.wantedly.com/projects/433450
192,Webエンジニア,株式会社Days,Webサービス開発・運用エンジニア募集！,https://www.wantedly.com/projects/623457
193,プログラミング教材開発責任者,株式会社SAMURAI,プログラミング学習教材の開発責任者を募集！,https://www.wantedly.com/projects/619926
194,Webエンジニア,カイロスマーケティング株式会社,利用者急増に対処する経験を学びたい若手募集！WEBサービスの開発エンジニア,https://www.wantedly.com/projects/290607
195,エンジニア,└ カイロスマーケティング株式会社,WEBサービスの開発で、社会のための課題解決がしたいWEBエンジニア募集！,https://www.wantedly.com/projects/209195
196,Shopifyアプリエンジニア,株式会社StoreHero,コマースの新しいスタンダードをつくる！自社アプリ開発を担うエンジニア募集！,https://www.wantedly.com/projects/601950
197,中途　エンジニア　未経験,株式会社ビジネス・インフォメーション・テクノロジー,プログラミングやったことなくてもOK！エンジニアの卵を孵化させたい！,https://www.wantedly.com/projects/560926
198,中途エンジニア,└ 株式会社ビジネス・インフォメーション・テクノロジー,プログラミングも息抜きも一人、寂しくない？談笑で心温まる毎日を過ごそう！,https://www.wantedly.com/projects/609706
199,自分に自信を持ちたい中途,└ 株式会社ビジネス・インフォメーション・テクノロジー,世のため人のためになる仕事、エンジニア！｜プログラミング初めてな人大募集！,https://www.wantedly.com/projects/572832
200,離職率4%の環境でエンジニア,株式会社テクノコア,初心者WEBエンジニアも大歓迎！人が辞めない環境で自社開発も目指せます！,https://www.wantedly.com/projects/540373
201,自社サービス開発を目指せる,└ 株式会社テクノコア,日本を代表するwebサービスの開発に携わるエンジニア募集です！,https://www.wantedly.com/projects/540448
202,iOSアプリエンジニア,株式会社バサラ,大手メーカーのIoTアプリ開発に携わってくれるエンジニア募集,https://www.wantedly.com/projects/555990
203,スマートフォンアプリエンジニア,株式会社インフキュリオン,Flutterを利用したアプリ開発。スマートフォンアプリエンジニアを募集！,https://www.wantedly.com/projects/450868
204,スマートフォンアプリエンジニア,└ 株式会社インフキュリオン,Flutterを利用したユーザーファーストなアプリ開発！,https://www.wantedly.com/projects/472334
205,バックエンドエンジニア,株式会社ASTINA,要件定義から納品まで一気通貫に経験しませんか？　バックエンドエンジニア募集,https://www.wantedly.com/projects/609952
206,バックエンドエンジニア,└ 株式会社ASTINA,ものづくりの全 てに携われる！　バックエンドエンジニア募集,https://www.wantedly.com/projects/618761
207,バックエンドエンジニア,└ 株式会社ASTINA,バックエンド開発者募集！！　IoT/AI/ロボティクス分野,https://www.wantedly.com/projects/608274
208,バックエンドエンジニア,└ 株式会社ASTINA,開発工程の全てを経験出来る！　バックエンドエンジニア募集,https://www.wantedly.com/projects/614140
209,バックエンドエンジニア,株式会社Aerial Partners,ドメイン駆動設計を活かした開発に興味のあるバックエンドエンジニア募集！,https://www.wantedly.com/projects/563274
210,Android エンジニア,フェンリル,デザイン×技術のフェンリルでアプリ開発。Androidエンジニア募集,https://www.wantedly.com/projects/546027
211,バックエンド　フルスタック,株式会社Freewill,バックエンドデベロッパー求む。グローバルな環境で自社サービスを開発しよう！,https://www.wantedly.com/projects/439769
212,SE、プログラマー,クオリテック株式会社,豊田市で大手自動車メーカーのプログラムを開発・運用したいエンジニア募集！！,https://www.wantedly.com/projects/492884
213,MachineLearning,株式会社ビービット,AI技術を取り入れたプロダクトの開発を支援する機械学習エンジニアを募集！,https://www.wantedly.com/projects/236508
214,バックエンドエンジニア,└ 株式会社ビービット,ユーザ理解を支えるデータ処理システムを運用するバックエンドエンジニア募集！,https://www.wantedly.com/projects/387564
215,モバイルアプリエンジニア,フェリカポケットマーケティング株式会社,ヘルスケア×地域活性！数万人が利用するアプリ開発エンジニアを募集,https://www.wantedly.com/projects/210368
216,モバイルアプリエンジニア,└ フェリカポケットマーケティング株式会社,アプリ開発エンジニアを大募集！,https://www.wantedly.com/projects/208201
217,モバイルアプリエンジニア,└ フェリカポケットマーケティング株式会社,アプリ開発エンジニアを募集！,https://www.wantedly.com/projects/217636
218,アドテクエンジニア,株式会社スリーシェイク,高度なスキル身につけたい方歓迎！アドテクプラットフォームのバックエンド開発,https://www.wantedly.com/projects/593137
219,Relanceフロント開発,└ 株式会社スリーシェイク,フロント主体の、ノーバックエンド開発！IT業界を変える新事業のメンバー募集,https://www.wantedly.com/projects/579537
220,webエンジニア,株式会社CIN GROUP,知識・経験がなくてもエンジニアに！？安心のプログラミング研修付き！,https://www.wantedly.com/projects/594792
221,webエンジニア,└ 株式会社CIN GROUP,知識・経験がなくてもエンジニアに！？安心のプログラミング研修付き！,https://www.wantedly.com/projects/572234
222,webエンジニア,└ 株式会社CIN GROUP,知識・経験がなくてもエンジニアに！？安心のプログラミング研修付き！,https://www.wantedly.com/projects/610958
223,webエンジニア,└ 株式会社CIN GROUP,知識・経験がなくてもエンジニアに！？安心のプログラミング研修付き！,https://www.wantedly.com/projects/593243
224,エンジニア,└ 株式会社CIN GROUP,エンジニアへの転職に挑戦したい方を募集！6ヶ月間のプログラミング研修有り！,https://www.wantedly.com/projects/514804
225,webエンジニア,└ 株式会社CIN GROUP,知識・経験がなくてもエンジニアに！？安心のプログラミング研修付き！,https://www.wantedly.com/projects/596794
226,WEBアプリ発技術者,ピセ株式会社,WEBアプリケーション開発技術者として幅広い案件に挑戦しませんか？,https://www.wantedly.com/projects/612213
227,iOSエンジニア,株式会社DeNA SOMPO Mobility,Swiftを活かしアプリ開発で日本の車社会を変える、iOSエンジニア募集！,https://www.wantedly.com/projects/611774
228,Androidエンジニア,└ 株式会社DeNA SOMPO Mobility,自社アプリ開発にてスキルを発揮したい、ベテランAndroidENG募集！,https://www.wantedly.com/projects/568361
229,Androidエンジニア,└ 株式会社DeNA SOMPO Mobility,Koltin・Javaでのアプリ開発が可能なAndroidエンジニア募集！,https://www.wantedly.com/projects/611770
230,サーバーサイドエンジニア,株式会社LegalForce,新サービス開発を通してバックエンドを極めたいサーバーサイドエンジニア募集！,https://www.wantedly.com/projects/567518
231,バックエンドエンジニア,└ 株式会社LegalForce,新サービス開発を通してバックエンドを極めたいエンジニア募集！,https://www.wantedly.com/projects/615097
232,リードエンジニア,└ 株式会社LegalForce,話題のリーガルテック！開発をリードするバックエンドエンジニアWanted！,https://www.wantedly.com/projects/618278
233,モバイルエンジニア,（株）Freewillトータルエデュケーション,”テクノロジー×教育×美”で世界の美意識を変える！アプリ開発エンジニア募集,https://www.wantedly.com/projects/28251
234,iOSエンジニア,株式会社アイリッジ,大手企業向けアプリ開発！iOSエンジニア募集！,https://www.wantedly.com/projects/505115
235,Railsエンジニア,株式会社SIMULA Labs,最新技術を使った自社サービスの開発に携わっていきたいバックエンドエンジニア,https://www.wantedly.com/projects/601967
236,Railsエンジニア,└ 株式会社SIMULA Labs,スタートアップ企業で爆速成長したいRailsエンジニア募集！！,https://www.wantedly.com/projects/588352
237,バックエンドエンジニア,株式会社dual&Co.,アパレル業界向けクラウドサービスを開発するバックエンドエンジニア募集！,https://www.wantedly.com/projects/521275
238,サーバーサイドエンジニア,株式会社TimeTechnologies,創業2年目の企業でプロダクト開発に携わりたいRailsエンジニア募集！,https://www.wantedly.com/projects/623795
239,"Ruby,Railsエンジニア",└ 株式会社TimeTechnologies,創業３年目の企業でプロダクト開発に携わりたいRailsエンジニア募集！,https://www.wantedly.com/projects/583895
240,"Ruby,Railsエンジニア",└ 株式会社TimeTechnologies,事業成長率に自信あり！圧倒的成長ベンチャーがRailsエンジニアを募集！,https://www.wantedly.com/projects/583903
241,ビリングシステムエンジニア,ココネ株式会社,アプリ開発のHUB組織で働く！ビリングシステムエンジニア,https://www.wantedly.com/projects/448732
242,Webエンジニア,株式会社Jocy,開発エンジニア：Rails／美容室サブスクリプションサービスMEZON,https://www.wantedly.com/projects/625548
243,アプリ開発エンジニア,└ 株式会社Jocy,アプリ開発エンジニア／急成長中の美容室サブスクリプションサービスMEZON,https://www.wantedly.com/projects/625473
244,エンジニア（経験者）,株式会社プラウドデータ,アプリ開発、ECサイト構築、組み込み系開発等楽しいプロジェクトがたくさん！,https://www.wantedly.com/projects/456696
245,エンジニア（経験者）,└ 株式会社プラウドデータ,アプリ開発、ECサイト構築などで即戦力として活躍できる経験エンジニア募集！,https://www.wantedly.com/projects/445654
246,エンジニア（経験者）,└ 株式会社プラウドデータ,Java/C#/COBOL他利用しアプリ開発、ECサイト構築等！エンジニア,https://www.wantedly.com/projects/438466
247,エンジニア（経験者）,└ 株式会社プラウドデータ,アプリ開発、NW構築他プロジェクトで、キャリアプランを実現！経験エンジニア,https://www.wantedly.com/projects/465647
248,Railsエンジニア,株式会社クリプラ,柔軟な働き方で取り組む クラウド電子カルテのRailsエンジニア募集！,https://www.wantedly.com/projects/525845
249,Railsエンジニア,└ 株式会社クリプラ,医療の未来を切り拓く クラウド電子カルテのRailsエンジニア募集！,https://www.wantedly.com/projects/459388
250,Rubyエンジニア,株式会社Cuon,Railsが好き！これからもRailsで開発を行っていきたい人Wanted,https://www.wantedly.com/projects/623280
251,システムエンジニア,株式会社テクノジャパン,自動運転やアプリ開発など次世代のシステムエンジニア募集！,https://www.wantedly.com/projects/549867
252,iOSエンジニア,株式会社メルカリ,業界有数のスマホ決済アプリ開発をご一緒に！iOSエンジニア募集！,https://www.wantedly.com/projects/612416
253,プログラミングスクール卒募集,ソネオス株式会社,プログラミングスクール卒募集！今までの経験＋αで、力を付けませんか？,https://www.wantedly.com/projects/467440
254,サーバーサイドエンジニア,株式会社ライフスポーツ,スポーツマッチング&ECアプリ開発をやりたい！エンジニアリーダー募集！,https://www.wantedly.com/projects/110713
255,サーバーサイドエンジニア,└ 株式会社ライフスポーツ,新規事業のアプリ開発のサーバサイドエンジニア大募集！,https://www.wantedly.com/projects/602368
256,システム開発PL,ソフトブレーン株式会社,100％自社開発／上流工程から携わるWEBアプリケーション開発PL,https://www.wantedly.com/projects/251931
257,Webエンジニア,株式会社シンクエイト,世界トップレベルの開発を目指しているWebエンジニア募集Java PHP,https://www.wantedly.com/projects/610932
258,Flutterエンジニア,株式会社ペンマーク,アプリ開発チームを率いるFlutterエンジニアをWanted！,https://www.wantedly.com/projects/556982
259,VPoE候補,株式会社LIFULL senior,社会課題×成長業界でバックエンド開発チームのVPoE候補募集！,https://www.wantedly.com/projects/602612
260,Webエンジニア,株式会社インターファーム,中古バイクの売買サイト運営！画像処理にも興味ありなRailsエンジニア,https://www.wantedly.com/projects/416332
261,iOSエンジニア,株式会社ライズフォース,アプリ開発のプロフェッショナルに！iOSアプリエンジニアWanted!,https://www.wantedly.com/projects/348104
262,スマホアプリエンジニア,株式会社ラフール,Flutter開発環境あり/メンタルヘルスプロダクトのアプリ開発者を募集,https://www.wantedly.com/projects/570434
263,Rubyエンジニア,└ 株式会社ラフール,Railsエンジニア/技術力でメンタルヘルスの社会課題に挑戦したい方を募集,https://www.wantedly.com/projects/536058
264,iOSエンジニア,vivit株式会社,Swiftでアプリ開発！事業にダイレクトに貢献できるiOSエンジニアを募集,https://www.wantedly.com/projects/512577
265,Androidエンジニア,└ vivit株式会社,成長中の市場でアプリ開発をリードするAndoridエンジニア募集！,https://www.wantedly.com/projects/512578
266,PHPプログラマ,株式会社いろはにぽぺと,WEB関連の開発＆WEBシステムエンジニア募集,https://www.wantedly.com/projects/48726
267,Unity/ゲームエンジニア,└ 株式会社いろはにぽぺと,プログラムからゲームを作れるオタクを募集！,https://www.wantedly.com/projects/107688
268,Androidエンジニア,株式会社ビズリーチ,全社横断で既存/新規事業のアプリ開発を支えるAndroidエンジニア募集！,https://www.wantedly.com/projects/569116
269,バックエンドエンジニア,オートメーションラボ株式会社,自社プロダクトの機能開発をお任せします。バックエンドエンジニアを募集中！,https://www.wantedly.com/projects/594362
270,サーバーエンジニア(PaaS),セーフィー株式会社,ペタbyte級データを扱うバックエンド開発に携わり、技術力を高めませんか？,https://www.wantedly.com/projects/604937
271,モバイルアプリ（iOS）,└ セーフィー株式会社,顔認証など映像解析系サービスのアプリ開発も手掛けるモバイルエンジニア募集！,https://www.wantedly.com/projects/541611
272,バックエンドエンジニア,株式会社マーケライズ,完全独自開発のバックエンドエンジニア php/python/aws 募集！,https://www.wantedly.com/projects/622892
273,スマホ開発/Web開発,オルターボ株式会社,アプリ開発/ゲーム開発にチャレンジしたいエンジニア募集！！,https://www.wantedly.com/projects/592200
274,バックエンドエンジニアGM候補,株式会社ココナラ,ユーザードリブンなサービス、ココナラ！開発を牽引するバックエンドGMを募集,https://www.wantedly.com/projects/618831
275,バックエンドエンジニア,└ 株式会社ココナラ,3/19上場！技術力で個人の活躍の場をつくりあげるバックエンドエンジニア,https://www.wantedly.com/projects/601037
276,GM候補,└ 株式会社ココナラ,3/19上場！ココナラのバックエンド開発を最前線で牽引いただけるGM募集！,https://www.wantedly.com/projects/601035
277,Webエンジニア,└ 株式会社ココナラ,技術ドリブンの組織構築を行い、変化に強いプロダクトに。圧倒的な成長期を支えるバックエンドエンジニアの裏側,https://www.wantedly.com/projects/553275
278,WEBエンジニア,Trilium株式会社,スタートアップ企業で社内開発の成長へ関わって頂けるWebエンジニア募集！,https://www.wantedly.com/projects/485409
279,WEBエンジニア,└ Trilium株式会社,新規自社サービス開発を進めるスタートアップ企業です！Webエンジニア募集！,https://www.wantedly.com/projects/614283
280,WEBエンジニア,└ Trilium株式会社,スタートアップ企業で新規自社サービス開発を進めたいWebエンジニア募集！,https://www.wantedly.com/projects/618705
281,WEBエンジニア,└ Trilium株式会社,スタートアップ企業で新規自社サービス開発を進めたいWebエンジニア募集！,https://www.wantedly.com/projects/622167
282,iOSエンジニア,株式会社アイ・エフ・クリエイト,iOSモバイルエンジニア募集｜保険業界で働く人々が利用するアプリ開発,https://www.wantedly.com/projects/600769
283,モバイルアプリエンジニア,└ 株式会社アイ・エフ・クリエイト,ユーザーに長く使ってもらい仕事を豊かにする非ゲームアプリ開発エンジニア募集,https://www.wantedly.com/projects/329125
284,Androidエンジニア,└ 株式会社アイ・エフ・クリエイト,Kotlinを愛してやまない方へ！自社アプリ開発エンジニアをWanted！,https://www.wantedly.com/projects/364046
285,アプリ開発エンジニア,└ 株式会社アイ・エフ・クリエイト,腰を据えて長く開発に携われる！裁量大きい自社アプリ開発エンジニア募集！,https://www.wantedly.com/projects/354532
286,iOSエンジニア,WealthNavi（ウェルスナビ）,FinTechユニコーン企業のアプリ開発を牽引するiOSエンジニア募集！,https://www.wantedly.com/projects/610934
287,Androidエンジニア,└ WealthNavi（ウェルスナビ）,FinTech企業のアプリ開発を牽引するAndroidエンジニア募集！,https://www.wantedly.com/projects/610941
288,バックエンドエンジニア,ミイダス株式会社,ミイダスのバックエンド開発のチームリーダー候補を募集中！,https://www.wantedly.com/projects/605294
289,バックエンドエンジニア,└ ミイダス株式会社,ミイダスのバックエンド開発をリードするエンジニアを募集！,https://www.wantedly.com/projects/605358
290,バックエンドエンジニア,└ ミイダス株式会社,バックエンド開発お任せします！／運任せの転職をデータの力で壊す！,https://www.wantedly.com/projects/577191
291,バックエンドエンジニア,└ ミイダス株式会社,自社サービスをグロースさせるバックエンドエンジニア募集！,https://www.wantedly.com/projects/429779
292,Webエンジニア,デジタル・アドバタイジング・コンソーシアム株式会社,福岡採用／Webマーケティングに特化した開発組織の立ち上げメンバーを募集！,https://www.wantedly.com/projects/330583
293,Webエンジニア,└ デジタル・アドバタイジング・コンソーシアム株式会社,大規模プラットフォーム開発に携わりたいWebエンジニア募集！,https://www.wantedly.com/projects/478135
294,バックエンドエンジニア,株式会社スカイベイビーズ,Webに命を吹き込む！社内初のバックエンドエンジニアとして働きませんか？,https://www.wantedly.com/projects/593654
295,iOSアプリエンジニア,株式会社エニグモ,CtoCサービス・BUYMAのアプリ開発をリード！iOSエンジニアを募集！,https://www.wantedly.com/projects/517631
296,Webエンジニア/テックリード,└ 株式会社エニグモ,国内有数規模ECサイトの開発に没頭したいWebエンジニア/テックリード候補,https://www.wantedly.com/projects/505402
297,Railsエンジニア,株式会社リスタ,求人数20万件突破！求人業界を変えたいRailsエンジニアWANTED！,https://www.wantedly.com/projects/541796
298,データサイエンティスト,Onplanetz株式会社,AI事業開発を加速させるデータサイエンスティスト長期インターン募集!,https://www.wantedly.com/projects/538002
299,バックエンドエンジニア,キャディ株式会社,バックエンド開発でApple出身CTOと製造業を変革するテックリード募集！,https://www.wantedly.com/projects/254293
300,バックエンドエンジニア,└ キャディ株式会社,Rustを駆使して120兆円の巨大市場に挑むバックエンドのテックリード募集,https://www.wantedly.com/projects/442996
301,Scalaエンジニア,株式会社ポケットチェンジ,バックエンドAPIをScalaで新規開発するエンジニア募集！,https://www.wantedly.com/projects/282243
302,Rubyエンジニア,株式会社Ruby開発,大分・姫島！　離島でしっかり開発したいWebエンジニア募集！,https://www.wantedly.com/projects/97146
303,アプリ開発エンジニア,株式会社レコモット,少人数制だから全てが早い！刺激的な環境でスキルUP！！アプリ開発エンジニア,https://www.wantedly.com/projects/595807
304,アプリ開発エンジニア,└ 株式会社レコモット,スピード感重視！どこでもオフィスになるツールを展開！アプリ開発エンジニア,https://www.wantedly.com/projects/585673
305,アプリ開発エンジニア,└ 株式会社レコモット,安全性の高さが武器！自社ツール・モコナビ専任のアプリ開発エンジニア募集！,https://www.wantedly.com/projects/616653
306,バックエンドエンジニア,ウェルスパーク株式会社,グローバル環境で挑戦したいバックエンドエンジニアを募集！,https://www.wantedly.com/projects/607685
307,Backendengineer,└ ウェルスパーク株式会社,Backend Engineer ：Ruby + Go,https://www.wantedly.com/projects/609467
308,Backendengineer,└ ウェルスパーク株式会社,Backend Engineer ：PHP + Go,https://www.wantedly.com/projects/609464
309,Androidアプリエンジニア,オープンワーク株式会社,OpenWorkのアプリ開発を加速させるAndroidエンジニアを募集！,https://www.wantedly.com/projects/578550
310,バックエンドエンジニア,株式会社SUPER STUDIO,口コミで話題！SaaS EC基幹システム開発｜バックエンドエンジニアを募集,https://www.wantedly.com/projects/376150
311,Flutter,株式会社ギフティ,自社サービスでのアプリ開発をリードするFlutterエンジニアを募集,https://www.wantedly.com/projects/312874
312,Ruby on Rails,└ 株式会社ギフティ,小さな感謝にギフトを添えて贈り合うgifteeのバックエンドエンジニア募集,https://www.wantedly.com/projects/312855
313,サーバーサイドエンジニア,株式会社ユートニック,音楽、エンタメ領域でバックエンド開発をマネジメントしたいエンジニア募集！,https://www.wantedly.com/projects/445281
314,システムエンジニア,株式会社レボーン,総務人事をプログラム化するシステムエンジニア募集！,https://www.wantedly.com/projects/605202
315,アプリ開発,東京システムハウス株式会社,ゴルフ場に行きたくなる、業界を元気にするアプリ開発エンジニア募集,https://www.wantedly.com/projects/599167
316,アプリ開発エンジニア,シグニフィ株式会社,自社事業・受託事業の成長を加速させるアプリ開発エンジニアを探しています！,https://www.wantedly.com/projects/564708
317,エンジニア,株式会社ゼロアクセル,急成長企業の自社Webサービス開発を横断的にお任せするエンジニア募集！！,https://www.wantedly.com/projects/623117
318,エンジニア,└ 株式会社ゼロアクセル,先進性のある自社Webサービス開発を横断的にお任せするエンジニア募集！,https://www.wantedly.com/projects/623111
319,エンジニア,└ 株式会社ゼロアクセル,先進性のある自社Webサービス開発を横断的にお任せするエンジニア募集！,https://www.wantedly.com/projects/620523
320,サーバーサイドエンジニア,株式会社カケハシ,調剤薬局と患者さんのDXを実現する　お薬連絡帳アプリのバックエンド開発,https://www.wantedly.com/projects/581096
321,Webエンジニア,株式会社ポピンズシッター,育児TechベンチャーでRailsエンジニアのテックリードを募集！,https://www.wantedly.com/projects/600564
322,Webエンジニア,└ 株式会社ポピンズシッター,成長フェーズの育児TechベンチャーでRailsエンジニア募集！,https://www.wantedly.com/projects/606266
323,Webエンジニア,└ 株式会社ポピンズシッター,プロダクトの企画から関わりたいRailsエンジニア募集！,https://www.wantedly.com/projects/606270
324,Webエンジニア,株式会社チュートリアル,働くをもっと楽しくするクラウド型RPAのRailsエンジニアを募集！,https://www.wantedly.com/projects/555402
325,バックエンドエンジニア,MI-6株式会社,ICCカタパルト優勝！業界注目のSaaS開発を担うバックエンドエンジニア,https://www.wantedly.com/projects/451694
326,Webエンジニア,株式会社オリサンキュ,無限に学び、新しい価値観の世代を創造する！開発を担うWebエンジニア募集！,https://www.wantedly.com/projects/282224
327,バックエンドエンジニア,Sasuke Financial Lab株式会社,次世代の保険アルゴリズムを開発する、バックエンドエンジニア募集,https://www.wantedly.com/projects/428773
328,バックエンド開発リーダー,HAIRCAMP株式会社,バックエンド開発リーダー｜爆速で成長する教育系ベンチャーで働きませんか？,https://www.wantedly.com/projects/611856
329,バックエンド,株式会社B&W,モダンな開発環境で、医療業界の業務改善に挑むバックエンドエンジニア募集,https://www.wantedly.com/projects/613163
330,PHP/WEB系エンジニア,株式会社セレス,100％自社内開発！累計会員800万人Webサービスに関わるエンジニア募集,https://www.wantedly.com/projects/492872
331,Webエンジニア,└ 株式会社セレス,100％自社開発！スピード感と裁量を求めるWebエンジニア募集！,https://www.wantedly.com/projects/527816
332,Javaエンジニア,株式会社TechFirst Leaders,ユニークに働きたい！Javaを用いたWebシステム開発者大募集！,https://www.wantedly.com/projects/495059
333,Pythonエンジニア,└ 株式会社TechFirst Leaders,PythonによるWeb開発／データ分析／機械学習エンジニア募集！,https://www.wantedly.com/projects/456109
334,Javaエンジニア,└ 株式会社TechFirst Leaders,Java/Spring Bootを用いたWebシステム開発者募集！,https://www.wantedly.com/projects/456112
335,バックエンドエンジニア,MEDIA ENGINE INC.,技術で事業を成長させたい！アツいバックエンドエンジニアを募集！！,https://www.wantedly.com/projects/399751
336,バックエンドエンジニア,└ MEDIA ENGINE INC.,技術で事業を成長させたい！テックリード志望バックエンドエンジニアを募集！！,https://www.wantedly.com/projects/517770
337,Ruby on Rails,株式会社Linc'well (リンクウェル),Railsエンジニアを募集！医療×ITで新規事業を起こそう！,https://www.wantedly.com/projects/513402
338,Webエンジニア,株式会社Soft House Concierge,確かな技術があるから出来る受託開発100％。社内Web系エンジニア募集,https://www.wantedly.com/projects/427509
339,Webエンジニア,└ 株式会社Soft House Concierge,吉祥寺で上流工程。都会とは違った環境でプログラミングしてみませんか？,https://www.wantedly.com/projects/305460
340,Webエンジニア,└ 株式会社Soft House Concierge,吉祥寺でWEB開発！エンジニアとして技術を高めたい方募集！,https://www.wantedly.com/projects/312761
341,システムエンジニア,└ 株式会社Soft House Concierge,穏やかな街、吉祥寺。都心から少し離れた地でプログラミングしてみませんか？,https://www.wantedly.com/projects/267320
342,バックエンドエンジニア,株式会社FROM JAPAN,バックエンドエンジニア　世界中で利用される越境ECサービスの開発！,https://www.wantedly.com/projects/616526
343,Webコーダー,└ 株式会社FROM JAPAN,Webコーダー 世界196か国に提供！越境ECサービスの開発,https://www.wantedly.com/projects/616533
344,バックエンドエンジニア,株式会社バックテック,Node.jsで高速にバックエンドの開発をしていけるエンジニアを募集！,https://www.wantedly.com/projects/609781
345,自社サービスの開発,Talknote株式会社,社内コミュニケーションサービスのWebアプリケーションの開発者探しています,https://www.wantedly.com/projects/382471
346,フルスタックエンジニア,株式会社タノム,食品業界のDXを推進！B2B SasSを開発するWEBエンジニア募集,https://www.wantedly.com/projects/603566
347,Rubyエンジニア,株式会社オースタンス,社員1桁で月4000万PV！シニアDX大手のRailsエンジニア募集！,https://www.wantedly.com/projects/326440
348,20卒 WEBエンジニア,株式会社FAM,ゼロからプログラミングを学びたいエンジニア志望の方と会いたい！20卒歓迎！,https://www.wantedly.com/projects/433070
349,Webエンジニア,株式会社futurelabo,経験者求む！自社開発のWebサービスに関わりたいWebエンジニア募集！,https://www.wantedly.com/projects/525735
350,Webエンジニア,└ 株式会社futurelabo,100％自社内開発！インターンシップサイトのWebエンジニア募集,https://www.wantedly.com/projects/514125
351,ジョブカンエンジニア,株式会社Donuts,"Ruby, Python,Go！業務支援SaaSのサーバーサイド開発",https://www.wantedly.com/projects/576677
352,Railsエンジニア,Classi株式会社,学校教育にICT革命を起こすRailsエンジニア募集！,https://www.wantedly.com/projects/166763
353,Railsエンジニア,└ Classi株式会社,新規サービス立ち上げ！学校改革を担うRailsエンジニアWanted！,https://www.wantedly.com/projects/520101
354,Webエンジニア,株式会社Tsunagu.AI,フロントエンド開発を自動化するAIプロダクトを作りたいWebエンジニア募集,https://www.wantedly.com/projects/241867
355,AI／機械学習エンジニア,└ 株式会社Tsunagu.AI,HONGO.AI選出 | Web制作を自動化するリードAIエンジニア募集！,https://www.wantedly.com/projects/544722
356,バックエンドエンジニア,Paintnote株式会社,レガシー変革！SaaSスタートアップの2人目Railsエンジニア募集！,https://www.wantedly.com/projects/598699
357,バックエンドエンジニア,└ Paintnote株式会社,創業2年目！SaaSスタートアップで力をつけたいRailsエンジニア募集！,https://www.wantedly.com/projects/598692
358,webエンジニア,株式会社mirai計画,CTO候補、経験者募集 / 運送webアプリの自社開発事業！,https://www.wantedly.com/projects/610451
359,バックエンド開発,株式会社IoTBank,iOS向けアプリ開発経験者募集！IoTで社会に貢献しませんか？,https://www.wantedly.com/projects/604678
360,バックエンドエンジニア,└ 株式会社IoTBank,自社IoTサービスの力で人々を笑顔にしたいバックエンドエンジニアを募集！,https://www.wantedly.com/projects/577400
361,サーバーエンジニア,株式会社Elaly,急成長の家具のサブスク！事業を牽引していくRailsエンジニア募集！,https://www.wantedly.com/projects/558579
362,iosエンジニア,CAMPFIRE,流通400億円突破のサービスでアプリ開発をしたいiOSエンジニア募集!!,https://www.wantedly.com/projects/604766
363,バックエンドエンジニア,株式会社palan,Ruby on RailsでARのシステムを作りたい学生インターン募集！,https://www.wantedly.com/projects/610641
364,サーバーサイドエンジニア,株式会社東京通信,ゲームアプリのバックエンド開発＿新ツールの開発等挑戦できる環境です！,https://www.wantedly.com/projects/594652
365,データアナリスト,株式会社エイト,WEBマーケティングソリューションのデータサイエンティスト・アナリスト募集,https://www.wantedly.com/projects/447836
366,フリーランス,└ 株式会社エイト,web開発！フリーランスエンジニアの募集,https://www.wantedly.com/projects/531736
367,未経験OKのRubyエンジニア,株式会社アシロ,スクール卒OK｜Rubyエンジニア！メディア運営会社で新たに挑戦しませんか,https://www.wantedly.com/projects/601295
368,バックエンドエンジニア,ベルフェイス株式会社,セールステックSaaSをフルリモート開発するバックエンドエンジニアを募集,https://www.wantedly.com/projects/493052
369,基幹開発エンジニア,株式会社インフォマート,バックエンド、基盤開発を設計からリリース、運用保守までを担当するエンジニア,https://www.wantedly.com/projects/616729
370,バックエンドエンジニア,株式会社クライド,自社開発アドテクサービスに携わるバックエンドエンジニア募集！,https://www.wantedly.com/projects/509608
371,バックエンドエンジニア,└ 株式会社クライド,急成長ベンチャーでアドテクサービスを開発するバックエンドエンジニア募集！,https://www.wantedly.com/projects/506421
372,バックエンドエンジニア,└ 株式会社クライド,自社開発アドテクサービスに携わるバックエンドエンジニア募集！,https://www.wantedly.com/projects/517924
373,バックエンドエンジニア,└ 株式会社クライド,高難易度なアドテクサービス開発に挑戦したいバックエンドエンジニア募集中！,https://www.wantedly.com/projects/558387
374,バックエンドエンジニア,└ 株式会社クライド,アドテクノロジー事業の根幹！バックエンドエンジニアWanted!!,https://www.wantedly.com/projects/353270
375,バックエンドエンジニア,└ 株式会社クライド,事業開発会社でアドテクサービスに携わるバックエンドエンジニア募集中！,https://www.wantedly.com/projects/553859
376,システムエンジニア,株式会社タイムマーケティング,扱う点数100万点以上！ファッション輸入越境ECのバックエンド開発募集！,https://www.wantedly.com/projects/486978
377,バックエンドエンジニア PHP,ナレッジ・マーチャントワークス株式会社,多機能アプリの基盤を構築し事業を加速するバックエンドエンジニアを大募集！,https://www.wantedly.com/projects/549770
378,バックエンドエンジニア PHP,└ ナレッジ・マーチャントワークス株式会社,企画・要件定義・設計にも携われるリーダーポジションを見据えたバックエンド！,https://www.wantedly.com/projects/557325
379,バックエンドエンジニア PHP,└ ナレッジ・マーチャントワークス株式会社,店舗運営を支えるサービスのバックエンドエンジニアを大募集だ！ PHP,https://www.wantedly.com/projects/375951
380,バックエンドエンジニア,VISITS Technologies 株式会社,感性や才能を可視化！人の幸せを研究開発したいバックエンドエンジニア募集！,https://www.wantedly.com/projects/598422
381,SaaSのエンジニア,株式会社ディール,EC・D2C業界特化型SaaSの自社プロダクト開発のエンジニア募集！,https://www.wantedly.com/projects/426695
382,webエンジニア,iChain株式会社,モバイルアプリも！webアプリも！自社サービス開発のWebエンジニア募集！,https://www.wantedly.com/projects/550295
383,サーバーサイドエンジニア,株式会社HES,自社サービスのバックエンド開発/運用を支えるメンバ募集,https://www.wantedly.com/projects/603823
384,サーバーサイドエンジニア,└ 株式会社HES,自社サービスのバックエンド開発/運用を支えるメンバ募集,https://www.wantedly.com/projects/572369
385,サーバーサイドエンジニア,└ 株式会社HES,自社サービスのバックエンド開発を支えるメンバー募集！,https://www.wantedly.com/projects/557581
386,自社プロダクト開発,株式会社スカイアーク,顧客の声を直接聞きながら自社プロダクト開発に挑戦したいWebエンジニア！,https://www.wantedly.com/projects/457848
387,ソフトウェアエンジニア,株式会社クォンタムオペレーション,病気を未然に防ぎ、重症化を防ぐ。そんなアプリ開発に携わるエンジニア集まれ！,https://www.wantedly.com/projects/510310
388,バックエンドエンジニア,株式会社Nextat,モダン且つ刺激的な環境で開発実績を増やしたいバックエンドエンジニア募集！,https://www.wantedly.com/projects/355643
389,Webエンジニア,└ 株式会社Nextat,Webアプリをどんどん開発していきたいエンジニアの方を探しています！,https://www.wantedly.com/projects/585340
390,Java開発エンジニアリード,パーソルキャリア株式会社（キャリア採用）,転職支援サービスdodaのスマートフォン向けアプリ開発チームのリードを募集,https://www.wantedly.com/projects/502150
391,Railsエンジニア,ツクリンク株式会社,63兆円市場の建設業界を自社サービスで変革するRailsエンジニア募集！,https://www.wantedly.com/projects/550467
392,未経験でも大丈夫！エンジニア職,株式会社Knocknote,経験ゼロでも問題なし。熱意を持って働きたい人を探しています。,https://www.wantedly.com/projects/588549
393,バックエンドエンジニア,パレットクラウド株式会社,不動産tech開発を加速させるバックエンドエンジニア募集！,https://www.wantedly.com/projects/257387
394,バックエンドエンジニア,└ パレットクラウド株式会社,200万戸の住生活プラットフォームを支える！バックエンドエンジニアを募集！,https://www.wantedly.com/projects/287552
395,バックエンドエンジニア,株式会社XAION DATA,経験年数3年以上！自社AIプロダクトのバックエンド開発のエンジニア募集！,https://www.wantedly.com/projects/612822
396,バックエンドエンジニア,└ 株式会社XAION DATA,1人目のエンジニア社員採用中！自社AIプロダクトのバックエンドリード！,https://www.wantedly.com/projects/612810
397,R&D/研究開発,株式会社ビデオマーケット,動画配信事業の研究開発を担当するWebエンジニア募集！,https://www.wantedly.com/projects/595347
398,バックエンドエンジニア,株式会社スマートショッピング,CA、メルカリ出身者からなる開発チームでバックエンド開発者を募集！,https://www.wantedly.com/projects/381646
399,バックエンドエンジニア,└ 株式会社スマートショッピング,EC、IoTSaaSの２軸事業展開の企業がバックエンド開発者を探してます！,https://www.wantedly.com/projects/381600
400,ReactNative　など,noco株式会社,中小企業・地方企業をデジタルの力で支えたい ｜アプリ開発エンジニアを募集,https://www.wantedly.com/projects/530671
401,Ruby on Rails,└ noco株式会社,中小企業のDXを情報インフラで解決したい｜Railsエンジニアを募集,https://www.wantedly.com/projects/627384
402,Rubyエンジニア,株式会社Beer and Tech,花き業界を代表するサービスを共に作り上げるRailsエンジニア募集！,https://www.wantedly.com/projects/566034
403,リードエンジニア,└ 株式会社Beer and Tech,フリーランスも募集中！花業界をアップデートするリードエンジニア｜Rails,https://www.wantedly.com/projects/587535
404,Rubyエンジニア,└ 株式会社Beer and Tech,急成長の花のECをさらにグロースさせるRailsエンジニア募集！,https://www.wantedly.com/projects/603987
405,リードエンジニア,└ 株式会社Beer and Tech,フリーランスも募集！HitoHanaを根幹から支えるRailsエンジニア！,https://www.wantedly.com/projects/603977
406,Rubyエンジニア,└ 株式会社Beer and Tech,Railsエンジニア募集！花業界を変革するサービスを一緒に作りませんか？,https://www.wantedly.com/projects/535756
407,アプリ開発エンジニア,株式会社カウリス,月間数億トランザクションサービスを加速させるアプリ開発エンジニア募集！,https://www.wantedly.com/projects/627138
408,Railsエンジニア,株式会社High Link,昨対比11 倍成長！香りのサブスクサービスのRailsエンジニア募集！,https://www.wantedly.com/projects/586258
409,react native,株式会社アングラーズ,React Nativeでアプリ開発をリードするエンジニア募集！,https://www.wantedly.com/projects/550730
410,Rails（実務経験３年以上）,└ 株式会社アングラーズ,釣り業界を本気で変革させるRailsエンジニア募集,https://www.wantedly.com/projects/527333
411,実務経験３年以上,└ 株式会社アングラーズ,実務経験者求む！RailsとReact Nativeで釣り×ITに革新を！,https://www.wantedly.com/projects/529870
412,サーバーサイドエンジニア,株式会社Another works,Railsエンジニア/創業メンバーのエンジニアとして働きませんか？,https://www.wantedly.com/projects/615708
413,バックエンドエンジニア,株式会社whitecanvas,大手からスタートアップまで事業開発に挑戦したいWebエンジニア!,https://www.wantedly.com/projects/606922
414,PHPエンジニア,└ 株式会社whitecanvas,大手企業の事業開発に挑戦したいWebエンジニア！,https://www.wantedly.com/projects/575439
415,Webエンジニア,Senjin Holdings,東大生と一緒にWEB開発しませんか？,https://www.wantedly.com/projects/350715
416,Webエンジニア,└ Senjin Holdings,東大生と一緒にWEB開発しませんか？,https://www.wantedly.com/projects/361962
417,Webエンジニア,└ Senjin Holdings,東大生と一緒にWEB開発しませんか？,https://www.wantedly.com/projects/352930
418,Webエンジニア,└ Senjin Holdings,東大生と一緒にWEB開発しませんか？,https://www.wantedly.com/projects/373720
419,経験者,株式会社アルス・ウェアー,仕事が趣味のwebエンジニア集まれ！受託開発、上流工程お任せします！,https://www.wantedly.com/projects/590575
420,データアナリスト,株式会社トラストリッジ,第二新卒歓迎！SIerで学んだプログラミング、データ分析に活かしませんか？,https://www.wantedly.com/projects/573327
421,Webエンジニア,└ 株式会社トラストリッジ,メディアのフルスクラッチ開発をお任せ！macaroniのWebエンジニア,https://www.wantedly.com/projects/380059
422,Webエンジニア,└ 株式会社トラストリッジ,新規開発プロジェクト／自社サービス開発の仲間を募集！Webエンジニア,https://www.wantedly.com/projects/380544
423,エンジニア,ランク王株式会社,ランク王｜CTOを目指す！圧倒的に成長したいエンジニア大募集！,https://www.wantedly.com/projects/528700
424,プログラマー・SE,株式会社エムアイ・ラボ,自社内開発 Webエンジニア・プログラマー募集！,https://www.wantedly.com/projects/552019
425,Webエンジニア,セカンドサイト株式会社,高度な技術を直感的に！AIプロダクトのWeb画面開発エンジニア募集,https://www.wantedly.com/projects/436698
426,Webエンジニア,└ セカンドサイト株式会社,Webアプリケーションの開発技術をAI領域のサービス開発に活かしませんか？,https://www.wantedly.com/projects/465721
427,テックリード,株式会社BitStar,元ラクスルCTOの元で働くRailsテックリード募集,https://www.wantedly.com/projects/512673
428,開発エンジニア,└ 株式会社BitStar,BitStarを技術で加速させるRailsエンジニア募集！,https://www.wantedly.com/projects/502740
429,Webエンジニア,株式会社TOMAP,プログラミング講師になりたい方募集！あなたのスキルを教育に生かしませんか？,https://www.wantedly.com/projects/477833
430,データエンジニア,株式会社スタジアム,面接を科学し採用プロセスに変革を起こす！Web面接データエンジニア募集！,https://www.wantedly.com/projects/550775
431,バックエンドエンジニア/正社員,ラストマイルワークス株式会社,最先端のxR業界で自社サービス開発に携わりたいバックエンドエンジニア募集！,https://www.wantedly.com/projects/625702
432,アプリケーションエンジニア,└ ラストマイルワークス株式会社,Node.jsでWeb×VRサービスを開発したいWebエンジニア募集！,https://www.wantedly.com/projects/494913
433,アプリケーションエンジニア,└ ラストマイルワークス株式会社,Node.jsで新規Web×VRサービスを開発したいエンジニア募集！,https://www.wantedly.com/projects/489493
434,バックエンドエンジニア,└ ラストマイルワークス株式会社,CGVRサービス/VRプラットフォームを開発するバックエンドエンジニア募集,https://www.wantedly.com/projects/503889
435,バックエンドエンジニア/正社員,└ ラストマイルワークス株式会社,TypeScriptで自社VRサービスのバックエンド開発がしたい方募集！,https://www.wantedly.com/projects/607277
436,Railsエンジニア,ENECHANGE株式会社,エネルギーの未来をつくる Ruby on Rails エンジニア募集！,https://www.wantedly.com/projects/17278
437,アプリエンジニア,ノバルス株式会社,世界を変える！IoTデバイスのアプリ開発エンジニアWanted！,https://www.wantedly.com/projects/346518
438,バックエンドエンジニア,株式会社hokan,バックエンドエンジニア募集！Django！業界特化型SaaS開発したい人！,https://www.wantedly.com/projects/496476
439,Webエンジニア／中途,ナイル株式会社,自動車×Techの新規事業！サービス開発を担うWebエンジニアを募集,https://www.wantedly.com/projects/622653
440,Railsエンジニア,株式会社TRIVEGROUP,動画収益の新常識！芸能人も参画する動画版baseを創るRailsエンジニア,https://www.wantedly.com/projects/480734
441,エンジニアリングマネージャー,株式会社Voicy,バックエンドチームの技術面の牽引〜組織開発までお任せします。EM募集！,https://www.wantedly.com/projects/625829
442,バックエンドエンジニア,└ 株式会社Voicy,Go｜未踏の音声産業を創るバックエンドエンジニアをWANTED！,https://www.wantedly.com/projects/619249
443,サービス開発WEBエンジニア,株式会社カカクコム,"グルメサイト""食べログ""のサービス開発担当WEBエンジニア募集‼",https://www.wantedly.com/projects/516223
444,アプリ開発エンジニア,└ 株式会社カカクコム,ライフスタイルメディアの一歩先へ。キナリノのアプリ開発エンジニア募集,https://www.wantedly.com/projects/75108
445,サービス開発WEBエンジニア,└ 株式会社カカクコム,"グルメサイト""食べログ""のサービス開発リーダー候補WEBエンジニア募集‼",https://www.wantedly.com/projects/550825
446,フルスタックエンジニア,株式会社LITALICO,川上から川下まで一気通貫でプロダクト開発に携わりたいWebエンジニア募集！,https://www.wantedly.com/projects/533999
447,システムエンジニア,└ 株式会社LITALICO,全国200拠点で働く社員の業務効率化を推進するWebシステム開発！,https://www.wantedly.com/projects/468534
448,フロント/バックエンド,└ 株式会社LITALICO,新プロダクトの1→10フェーズの開発に携わりたいWebエンジニア,https://www.wantedly.com/projects/399101
449,1人目の社員募集,株式会社フィンテラス,FX・投資の学習アプリ開発エンジニアの採用！立ち上げメンバーを募集！,https://www.wantedly.com/projects/623427
450,初の社内モバイルエンジニア,└ 株式会社フィンテラス,FX・投資の学習アプリ開発を手掛けるモバイルエンジニア募集！,https://www.wantedly.com/projects/605973
451,Webアプリケーション,株式会社ウェルモ,自社開発！スケーラブルなサービスをつくる｜Webアプリケーションエンジニア,https://www.wantedly.com/projects/459272
452,エンジニア,株式会社NXTED,.札幌でモダンWeb開発！上流工程も担当できるエンジニア募集！,https://www.wantedly.com/projects/437041
453,Webエンジニア,株式会社クラベス,フロントもバックエンドも！新しいことに挑戦したいエンジニアWANTED！！,https://www.wantedly.com/projects/193220
454,Webエンジニア,リバティーンズ株式会社,AIを活用した自社プロダクト開発で成長したいWebエンジニア募集！,https://www.wantedly.com/projects/577303
455,Railsエンジニア,SELF株式会社,SaaS×コミュニケーションAIサービスのRailsエンジニア募集,https://www.wantedly.com/projects/586888
456,Ruby on Rails開発,"KINDLER, Inc.",美容 x AI でRuby on Railsサーバサイドエンジニア募集！,https://www.wantedly.com/projects/619271
457,Webエンジニア,Sky株式会社,WEB系開発エンジニア 募集！！,https://www.wantedly.com/projects/544475
458,バックエンドエンジニア,株式会社BluAge,スタートアップでIPO目指して一緒に成長！バックエンドエンジニア募集！,https://www.wantedly.com/projects/612786
459,Go/gRPC/GCP/K8s,└ 株式会社BluAge,日本の不動産業界変革をBluAgeと目指す、バックエンドエンジニア募集！,https://www.wantedly.com/projects/599953
460,Go/gRPC/GCP/K8s,└ 株式会社BluAge,優秀なエンジニアと一緒に成長！業界注目アプリのバックエンドエンジニア募集！,https://www.wantedly.com/projects/582162
461,アプリ/WEB/インフラ,Nadia株式会社,自社サービスのグロースに注力したいアプリ/WEBエンジニア募集！,https://www.wantedly.com/projects/198936
462,バックエンドエンジニア,株式会社システム・コミュニケート,幅広い開発案件を通じて、バックエンド開発スキルを身につけませんか？,https://www.wantedly.com/projects/486222
463,Railsエンジニア,株式会社Rebase,Railsエンジニア｜空間と人のマッチングプラットフォームの根幹を支える,https://www.wantedly.com/projects/120979
464,Railsエンジニア,エースチャイルド株式会社,Railsエンジニア | 成長中の自社プロダクトを一緒に育てる仲間を募集！,https://www.wantedly.com/projects/620155
465,Railsエンジニア,└ エースチャイルド株式会社,Railsエンジニア | 成長中の自社プロダクトを一緒に育てる仲間を募集！,https://www.wantedly.com/projects/625466
466,バックエンドエンジニア,株式会社estie,業界の基盤を作りあげる！Rails経験のあるリードエンジニア募集！,https://www.wantedly.com/projects/461347
467,機械学習エンジニア,株式会社pluszero,世界初のシステム開発PJTにも参画実績あり！技術を磨ける機械学習エンジニア,https://www.wantedly.com/projects/597423
468,Webエンジニア,GMO医療予約技術研究所株式会社,医療系自社クラウドサービスを開発するWEBエンジニア募集中！！,https://www.wantedly.com/projects/546858
469,アプリ開発エンジニア,イグニション・ポイント インサイト株式会社,キャリアパスをサポートします！スキルアップしたいアプリ開発エンジニア募集！,https://www.wantedly.com/projects/604444
470,アプリ開発エンジニア,└ イグニション・ポイント インサイト株式会社,納得のいく転職をしませんか？即戦力アプリ開発エンジニアを探しています！,https://www.wantedly.com/projects/605193
471,Rails エンジニア,株式会社grooves,HR×ITサービスを盛り上げるRailsエンジニア募集！,https://www.wantedly.com/projects/374405
472,リードエンジニア,株式会社Wizleap,初心者OK、オンラインOK、渋谷！東大卒CTO直下でエンジニア募集中！,https://www.wantedly.com/projects/543595
473,Webエンジニア,リディッシュ株式会社,レストラン向けソリューションを0から考える未来のCTO人材募集！,https://www.wantedly.com/projects/337442
474,Webエンジニア/未経験歓迎,株式会社ミラスタ,人柄重視！自ら勉強してWebエンジニアを目指している方大募集！,https://www.wantedly.com/projects/621870
475,フロント、バックエンド,AIエンジニアリング株式会社,好きな場所・時間で自社開発に関わりWebエンジニアを募集！,https://www.wantedly.com/projects/615215
476,Webエンジニア,株式会社メディカルフロンティア,100％自社開発！業界大手美容クリニックのWEBエンジニア募集,https://www.wantedly.com/projects/597034
477,プログラミング勉強した人,ディップ株式会社,プログラミング勉強した人は、ドレッドとエンジニアについて話そう,https://www.wantedly.com/projects/458625
478,バックエンドエンジニア,ソフトバンク株式会社,自動運転車を実用化！プラットフォーム開発を支えるバックエンドエンジニア,https://www.wantedly.com/projects/460762
479,サーバーサイドエンジニア,note株式会社,GoやRailsでnoteのパフォーマンスを高めるサーバーサイドエンジニア,https://www.wantedly.com/projects/341219
480,Railsエンジニア,"for Startups,Inc",HR領域でサービスを育てていきたいRailsエンジニアをWANTED！！,https://www.wantedly.com/projects/177154
481,Webエンジニア,株式会社サードスコープ,自社サービスの開発と成長に貢献する、Webエンジニアを募集します。,https://www.wantedly.com/projects/623503
482,独学 第二新卒 未経験OK,株式会社LIKSON,初心者歓迎！実践を通じバックエンドエンジニアとして急成長したい人を募集！,https://www.wantedly.com/projects/613473
483,Webエンジニア,キラメックス株式会社,IT×教育｜サービスづくりが好きなRailsエンジニアWANTED！,https://www.wantedly.com/projects/162742
484,Goエンジニア,株式会社HRBrain,Go経験を活かして、HRTechのバックエンド開発をお任せ！Goエンジニア,https://www.wantedly.com/projects/590217
485,バックエンドエンジニア,└ 株式会社HRBrain,HR領域で注目の自社サービスをGoで開発！バックエンドエンジニア募集,https://www.wantedly.com/projects/511041
486,バックエンドエンジニア,└ 株式会社HRBrain,HR領域の新規サービスをGoで開発！バックエンドエンジニア募集,https://www.wantedly.com/projects/502737
487,バックエンドエンジニア,└ 株式会社HRBrain,Goで開発！HRBrainのプロダクトを改善したいバックエンドエンジニア,https://www.wantedly.com/projects/514306
488,バックエンドエンジニア,└ 株式会社HRBrain,高品質な自社HRサービスを少数精鋭で開発！バックエンドエンジニア募集,https://www.wantedly.com/projects/505831
489,Goエンジニア,└ 株式会社HRBrain,急成長中のSaaS企業！Goでの開発経験があるバックエンドエンジニアを募集,https://www.wantedly.com/projects/557751
490,Goエンジニア,└ 株式会社HRBrain,GoでHRTechを自社開発！バックエンド領域を横断的に担うエンジニア募集,https://www.wantedly.com/projects/570316
491,バックエンドエンジニア,└ 株式会社HRBrain,ユーザーファーストなHRサービスをGoで開発！バックエンドエンジニア募集,https://www.wantedly.com/projects/520764
492,Goエンジニア,└ 株式会社HRBrain,Goを使った開発がしたい！自社開発HRTechのバックエンドエンジニア募集,https://www.wantedly.com/projects/554313
493,Webエンジニア,株式会社SP,運用は物足りない。開発をしたい。弊社で叶えられます！Webエンジニア募集,https://www.wantedly.com/projects/410762
494,モバイルエンジニア,└ 株式会社SP,企画/開発プロジェクトがメイン。Web開発エンジニア募集中！,https://www.wantedly.com/projects/426893
495,Webエンジニア,株式会社メタリテール・コンサルティング,チーム力勝負！お客様目線でプログラミングしたいエンジニア募集！,https://www.wantedly.com/projects/482129
496,サーバサイドエンジニア,株式会社Emotion Tech,5億件の感情データで顧客体験を可視化するRailsエンジニア募集！,https://www.wantedly.com/projects/610542
497,バックエンドエンジニア,株式会社セラク（アグリテック分野）,農業畜産の自社プロダクトを開発したいバックエンドエンジニアWanted！,https://www.wantedly.com/projects/607640
498,Webエンジニア,└ 株式会社セラク（アグリテック分野）,自社サービスで一次産業のDXを実現！新規開発担当Webエンジニア募集！,https://www.wantedly.com/projects/587540
499,Webエンジニア,└ 株式会社セラク（アグリテック分野）,日本の農業にITで変革を起こす！自社サービス開発Webエンジニアを募集,https://www.wantedly.com/projects/607607
500,Androidエンジニア,コネヒト株式会社,テーマは家族や子育て。Kotlinでアプリ開発をしたい方Wanted！,https://www.wantedly.com/projects/605400
501,サーバサイドエンジニア,コルデコ株式会社,自社オリジナルの3D・AIデータベースなどを開発するWebエンジニア募集！,https://www.wantedly.com/projects/450573
502,バックエンドエンジニア,株式会社HERP,採用領域SaaSバックエンドを開発するNode.js+TSエンジニア募集！,https://www.wantedly.com/projects/545270
503,バックエンドエンジニア,└ 株式会社HERP,Haskellで普通にWebサービスを開発していきたいエンジニア募集！,https://www.wantedly.com/projects/334093
504,アプリケーションエンジニア,"MICIN, Inc.",Webアプリエンジニア／社会的意義の高い医療サービスの設計・開発・運用,https://www.wantedly.com/projects/195700
505,バックエンドエンジニアMGR,株式会社UPDATA,不動産特化型DXプラットフォームの開発を指揮！バックエンドエンジニアMGR,https://www.wantedly.com/projects/501996
506,バックエンドエンジニアMGR,└ 株式会社UPDATA,不動産業界を変える！DXプラットフォーム開発のバックエンドエンジニアMGR,https://www.wantedly.com/projects/548683
507,Webエンジニア,アジアクエスト株式会社,Java経験者大募集｜Webアプリケーションエンジニア／受託開発／東京勤務,https://www.wantedly.com/projects/320772
508,Webエンジニア,└ アジアクエスト株式会社,リードエンジニア歓迎｜Webアプリケーションエンジニア／受託開発／東京勤務,https://www.wantedly.com/projects/319831
509,Webエンジニア,株式会社クルイト,新たに挑戦したい方！自社プロダクト開発に携わるwebエンジニア募集！,https://www.wantedly.com/projects/426337
510,モバイルエンジニア,└ 株式会社クルイト,モバイルエンジニアだけどWeb開発の経験も積みたい方募集！,https://www.wantedly.com/projects/590710
511,Webエンジニア,└ 株式会社クルイト,新たに挑戦したい方！自社プロダクト開発に携わるwebエンジニア募集！,https://www.wantedly.com/projects/436732
512,Webエンジニア,└ 株式会社クルイト,事業目線でプロダクト開発をしたいWebエンジニア募集,https://www.wantedly.com/projects/573622
513,サーバーサイドエンジニア,ノイン株式会社,Ruby on Rails /コスメDXに挑戦したい方、大歓迎！,https://www.wantedly.com/projects/556489
514,Webエンジニア　SaaS,株式会社EXIDEA,世界的なSEOマーケティングツールを開発するWebエンジニア募集,https://www.wantedly.com/projects/496065
515,webエンジニア,株式会社Co-LABO MAKER,研究開発の新しいかたちを創造するwebエンジニア募集！,https://www.wantedly.com/projects/390259
516,PHPプログラマー,株式会社デジタル・デザイナーズ・スタジオ,大手顧客多数のWEBシステム開発会社です！多業種で制限もありません！,https://www.wantedly.com/projects/590084
517,サーバサイドエンジニア,株式会社スペイシー,世界的スペースマッチンサービスを作るバックエンドエンジニアWANTED！！,https://www.wantedly.com/projects/334469
518,バックエンドエンジニア,Metaps Inc.,急拡大中話題のSaaS一元管理ツール｜新規事業のRailsエンジニアを募集,https://www.wantedly.com/projects/625399
519,Webエンジニア,アスニカ株式会社,急成長中の自社RPAサービスの開発を支えるWebエンジニア大募集！,https://www.wantedly.com/projects/326446
520,Webエンジニア,└ アスニカ株式会社,開発への情熱と好きが止まらない仲間と一緒に働きませんか？｜Webエンジニア,https://www.wantedly.com/projects/293014
521,Webエンジニア,└ アスニカ株式会社,圧倒的な開発力を身に付けたいWebエンジニア、本気でやるならアスニカです。,https://www.wantedly.com/projects/290545
522,Railsエンジニア,株式会社サイバーセキュリティクラウド,SaaS×サイバーセキュリティの上場企業でRailsオタクなエンジニア募集,https://www.wantedly.com/projects/520705
523,バックエンドエンジニア,株式会社スナックミー,ロジスティクスオペレーション基盤を支えるバックエンドエンジニア募集！,https://www.wantedly.com/projects/434772
524,ネイティブアプリエンジニア,株式会社エヌエルプラス,SwiftやKotlinなどを利用して、スマホ向けアプリ開発をしませんか？,https://www.wantedly.com/projects/568710
525,バックエンドエンジニア,株式会社Srush,ベンチャーで裁量権をもってSaaS開発をしたいバックエンドエンジニア募集！,https://www.wantedly.com/projects/621335
526,ネイティブアプリ開発エンジニア,株式会社イノベーションプラス,働きやすい＆開発に集中できる環境で有名企業のアプリ開発をしませんか？,https://www.wantedly.com/projects/623788
527,アプリケーション開発エンジニア,株式会社バリーン・スタジオ,新規コンテンツ開発を共に挑めるアプリ開発エンジニア募集します！,https://www.wantedly.com/projects/583336
528,バックエンドエンジニア,└ 株式会社バリーン・スタジオ,ポストモダンなk8s/Docker環境で開発するバックエンドエンジニア募集,https://www.wantedly.com/projects/624553
529,Webエンジニア,株式会社　飛躍,バックエンドエンジニア募集！エンタープライズ級ECの設計、開発、運用保守,https://www.wantedly.com/projects/602624
530,アプリエンジニア,株式会社CINRA,React Nativeエンジニア募集！10代に学びを届けるアプリ開発,https://www.wantedly.com/projects/545605
531,モバイルエンジニア,ウェルスタイル株式会社,幸せな家族を増やすアプリ開発を担うCTO候補WANTED！,https://www.wantedly.com/projects/10061
532,Webエンジニア,└ ウェルスタイル株式会社,新技術も積極的に導入できます！Webエンジニアから開発責任者のポジションへ,https://www.wantedly.com/projects/317658
533,Androidエンジニア,└ ウェルスタイル株式会社,アプリ開発を企画から手がけるやりがいに、経営に進めるキャリアも手に入ります,https://www.wantedly.com/projects/322640
534,モバイルエンジニア,（株）Link Sports,アジャイル開発環境でのアプリ開発！スポーツ好きなエンジニア募集！,https://www.wantedly.com/projects/324177
535,モバイルエンジニア,楽天グループ株式会社（キャリア採用）,楽天だけどベンチャー？！アプリ開発PMさん募集中！,https://www.wantedly.com/projects/221533
536,バックエンドエンジニア,CO-NECT株式会社,アナログなBtoB受発注領域にイノベーションを！バックエンドエンジニア募集,https://www.wantedly.com/projects/623057
537,バックエンドエンジニア,└ CO-NECT株式会社,1000兆円規模巨大市場のDX！BtoB SaaSバックエンドエンジニア！,https://www.wantedly.com/projects/493551
538,Webエンジニア,シェルフィー株式会社,プログラミングはできるようになってきた…次のキャリアを一緒に考えませんか？,https://www.wantedly.com/projects/602661
539,サーバサイド エンジニア,株式会社アルファドライブ,法人向けNewsPicksを開発するWebエンジニア募集！,https://www.wantedly.com/projects/506112
540,サーバサイド エンジニア,└ 株式会社アルファドライブ,大企業の新規事業創出を支援！新しいSaaSを開発するWebエンジニア募集！,https://www.wantedly.com/projects/506180
541,サーバーサイドエンジニア,SIVA Inc.,web広告プラットフォームの開発を支えるサーバーサイドエンジニア募集！,https://www.wantedly.com/projects/569303
542,サーバーサイドエンジニア,マネックス証券株式会社,SIerからWeb系へ！自社サービスの証券システムを開発しませんか？,https://www.wantedly.com/projects/257473
543,バックエンドエンジニア,bitFlyer,大規模サービスのアーキテクチャを創る！暗号資産取引所バックエンド開発,https://www.wantedly.com/projects/626465
544,バックエンドエンジニア（会計・,└ bitFlyer,世にはない自社オリジナルシステムの開発！会計・決済バックエンドエンジニア,https://www.wantedly.com/projects/626459
545,ECサイト構築エンジニア,株式会社サテライトオフィス,WEB開発経験を活かし、急成長を続けるEC領域のプロフェッショナルに成長！,https://www.wantedly.com/projects/618977
546,Rails　経験者,株式会社アルダグラム,60兆円市場の建設業界を自社サービスで変革！web開発エンジニア募集！,https://www.wantedly.com/projects/598797
547,Rubyエンジニア経験者,└ 株式会社アルダグラム,あなたの技術で60兆円の建設業界に光を。バックエンドエンジニア募集！,https://www.wantedly.com/projects/608491
548,Railsエンジニア,└ 株式会社アルダグラム,60兆円市場の建設業界を自社サービスで変革！web開発エンジニア募集！,https://www.wantedly.com/projects/581180
549,Rails　経験者,└ 株式会社アルダグラム,60兆円市場の建設業界を自社サービスで変革！web開発エンジニア募集！,https://www.wantedly.com/projects/604066
550,シニアエンジニア,ウリドキ株式会社,フルリモートワーク！C2Bプラットフォームを作るRailsエンジニア募集！,https://www.wantedly.com/projects/303364
551,Webエンジニア,GMOリサーチ株式会社,グローバル規模のプラットフォーム開発をお任せ！WEBエンジニア募集！,https://www.wantedly.com/projects/608234
552,Webエンジニア,株式会社Study Valley,経産省×スタートアップ！Railsエンジニア大募集！,https://www.wantedly.com/projects/577644
553,Webバックエンドエンジニア,株式会社Lang-8,日本発・グローバルサービスの成長を加速するバックエンドエンジニアを募集！,https://www.wantedly.com/projects/605748
554,Rails エンジニア,株式会社CLEAR,グローバルなEdTechサービスを成長させるRailsエンジニア募集！,https://www.wantedly.com/projects/99704
555,Webエンジニア,株式会社ビットキー,全軍前進！圧倒的スピードのアジャイル開発に挑戦したいWebエンジニア募集！,https://www.wantedly.com/projects/474105
556,クラウドシステム開発,株式会社プラスアルファ・コンサルティング,すぐにタスクアサイン！ゴリゴリ開発したい、Webアプリエンジニア募集！,https://www.wantedly.com/projects/591936
557,クラウドシステム開発,└ 株式会社プラスアルファ・コンサルティング,すぐにタスクアサイン！ゴリゴリ開発したい、Webアプリエンジニア募集！,https://www.wantedly.com/projects/624859
558,Webエンジニア,Supership,国内トップクラスのSSP開発にチャレンジしたいWEBエンジニア募集！,https://www.wantedly.com/projects/55726
559,バックエンドエンジニア,株式会社もしも,受託開発・開発の外注ゼロ！自社開発にこだわりたいバックエンドエンジニア募集,https://www.wantedly.com/projects/558190
560,バックエンドエンジニア,└ 株式会社もしも,"echo ""PHP大好きバックエンドエンジニア募集"";　//働きやすさ抜群",https://www.wantedly.com/projects/557701
561,サーバーサイドエンジニア,株式会社AppBrew,企画から実装まで！事業目線でサービスを作りたいサーバサイドエンジニア募集,https://www.wantedly.com/projects/528027
562,バックエンドエンジニア,株式会社シックスティーパーセント,急成長中！越境ファッションECで世界に挑戦するバックエンドエンジニア大募集,https://www.wantedly.com/projects/498887
563,サーバーサイド,株式会社MOVE,D2C市場を革新する新規サービスを立ち上げ！サーバーサイドエンジニア募集,https://www.wantedly.com/projects/291709
564,Webエンジニア,リビン・テクノロジーズ株式会社,東証マザーズ上場/自社メディアを開発するWebプログラマを募集！,https://www.wantedly.com/projects/435924
565,ＷＥＢ開発エンジニア,ジオ・サーチ株式会社,地下を透視する技術開発！？WEB系エンジニアWANTED！,https://www.wantedly.com/projects/548946
566,バックエンドエンジニア,株式会社ブルーリンクシステムズ,御用聞きのできるSEの方、プログラムのチカラで病院と命を支えていきませんか,https://www.wantedly.com/projects/547852
567,バックエンドエンジニア,└ 株式会社ブルーリンクシステムズ,プログラムのチカラで病院と命を支えていきませんか～御用聞きがポイントです,https://www.wantedly.com/projects/568284
568,クライアントサイドエンジニア,株式会社Mint'zPlanning,自由な働き方で自社サービスの開発に携われるエンジニア募集！！,https://www.wantedly.com/projects/212109
569,将来的に自社サービス開発も！,有限会社コスミックエンジン,Vue.jsを使ってwebサービス開発をしたいフロントエンジニア募集！,https://www.wantedly.com/projects/577693
570,将来的に自社サービス開発も！,└ 有限会社コスミックエンジン,Vue.jsを使ってwebサービス開発をしたいフロントエンジニア募集！！,https://www.wantedly.com/projects/557893
571,サーバーサイドエンジニア,うぶごえ株式会社,新しいクラウドファンディングをグロースさせる！Railsエンジニアを募集！,https://www.wantedly.com/projects/625351
572,Webエンジニア,株式会社翔泳社,メディアの可能性に挑戦！Web開発が好きな社内エンジニア募集,https://www.wantedly.com/projects/258305
573,サーバーサイドエンジニア,株式会社ヤプリ,プロダクトの成長をバックエンドから支える！サーバーサイドエンジニア募集,https://www.wantedly.com/projects/378627
574,実務経験3年以上のSE募集,株式会社システム技研,プログラミング好き集まれ！あなたの好奇心を満たせる環境がここにあります！,https://www.wantedly.com/projects/571460
575,Python系Webエンジニア,NABLAS,最先端AI社会実装の現場を支えるPython系Webエンジニア募集！,https://www.wantedly.com/projects/284119
576,バックエンドエンジニア,株式会社H2O,あなたのプログラミングスキルを存分に発揮できる環境、興味ありませんか？,https://www.wantedly.com/projects/546290
577,バックエンドエンジニア,株式会社ゴエンアップ,"TS,GraphQLなどモダンな技術を採用！バックエンドエンジニアを募集！",https://www.wantedly.com/projects/517049
578,Flask / バックエンド,株式会社アダコテック,製造業向け機械学習SaaS の信頼性を高めるバックエンドエンジニア募集！,https://www.wantedly.com/projects/592790
579,バックエンドエンジニア,株式会社フェズ,バックエンドエンジニア｜データ活用が事業拡大の肝！根幹を創るエンジニア募集,https://www.wantedly.com/projects/545764
580,バックエンドエンジニア,207株式会社,物流のDXを加速させるバックエンドエンジニア募集！,https://www.wantedly.com/projects/625508
581,Webエンジニア,株式会社クレスティア,社長がもうプログラム書きたくないって、、、経営に専念したい、、、,https://www.wantedly.com/projects/74222
582,データサイエンティスト,おいしい健康,フードxヘルステックベンチャーで自社サービスや共同研究のデータ分析！,https://www.wantedly.com/projects/364677
583,バックエンドエンジニア,株式会社エウレカ,国内最大級のマッチングアプリPairsのバックエンドエンジニアを募集！,https://www.wantedly.com/projects/586425
584,Webエンジニア,スタークス株式会社,D2C×Tech に貢献したいエンジニアWanted!!,https://www.wantedly.com/projects/563705
585,バックエンドエンジニア,株式会社LIG,最先端テクノロジーでマーケティング戦略を実現するバックエンドエンジニア,https://www.wantedly.com/projects/265105
586,Ruby on Rails,株式会社Crunch Style,急成長のtoC向けサブスクリプションサービスでRubyエンジニアを募集！,https://www.wantedly.com/projects/536655
587,Webエンジニア,スパイスファクトリー株式会社,教育や地方創生など公共性の高い案件に携わりたいWebエンジニア募集！,https://www.wantedly.com/projects/518725
588,バックエンドエンジニア,株式会社ネットネイティブ,バックエンドエンジニア募集！最も信頼されるニュースメディアへ－モデルプレス,https://www.wantedly.com/projects/552427
589,Webエンジニア,株式会社Cuolega,飲食業界に価値あるWEBサービスを提供するエンジニア職募集！！,https://www.wantedly.com/projects/400579
590,バックエンド開発・PHP/Go,株式会社サマリー,年平均成長率300%以上の急成長スタートアップでバックエンドWANTED,https://www.wantedly.com/projects/559150
591,バックエンド開発・PHP/Go,└ 株式会社サマリー,年平均成長率300%以上の急成長スタートアップでバックエンドWANTED,https://www.wantedly.com/projects/624466
592,バックエンド開発・PHP/Go,└ 株式会社サマリー,年平均成長率300%以上の急成長スタートアップでバックエンドWANTED,https://www.wantedly.com/projects/620649
593,バックエンドエンジニア,株式会社ツクルバ,新しい住まいの選択肢を創る！SaaS開発をリードするRubyエンジニア募集,https://www.wantedly.com/projects/608956
594,バックエンドエンジニア,株式会社N-Technologies,シリーズA直前！郵便をデジタル化するサービスでバックエンドエンジニア募集,https://www.wantedly.com/projects/607958
595,WEBエンジニア,株式会社マイナビ,開発・運用、さらに活用も行う！SQLに強みを持ったWEBエンジニア求む！,https://www.wantedly.com/projects/543124
596,バックエンドエンジニア,株式会社RECEPTIONIST,Ruby/Railsで最新機能搭載プロダクトを高めるバックエンドエンジニア,https://www.wantedly.com/projects/603779
597,バックエンドエンジニア,└ 株式会社RECEPTIONIST,業界シェアNo.1の業務管理SaaS！バックエンドを担うRubyエンジニア,https://www.wantedly.com/projects/613514
598,Webエンジニア,株式会社Aill,"急速な成長を支えるRails,AWS経験を有するバックエンドエンジニア募集",https://www.wantedly.com/projects/616031
599,バックエンドエンジニア,株式会社バニッシュ・スタンダード,業界No.1の自社サービス！年間150億リクエストを支えるバックエンド募集,https://www.wantedly.com/projects/253980
600,バックエンドエンジニア,株式会社アンチパターン,6つの事業を展開するアンチパターンでバックエンドエンジニアを募集！,https://www.wantedly.com/projects/452197
601,Rubyエンジニア,└ 株式会社アンチパターン,クライアントの事業成長を支援するバックエンドエンジニア募集！,https://www.wantedly.com/projects/495348
602,Webエンジニア,株式会社ストラテジーアンドパートナー,Ruby、Python、JAVAなんでも書ける理想のフルスタックに！,https://www.wantedly.com/projects/603540
603,バックエンドエンジニア,株式会社PR TIMES,月間5000万PVのプラットフォーム：バックエンドエンジニア募集！,https://www.wantedly.com/projects/79201
604,サーバーサイドエンジニア,playground株式会社,Ruby｜エンタメの未来を支える自社サービスの開発エンジニア募集！,https://www.wantedly.com/projects/614879
605,サーバサイドエンジニア,NEW STANDARD株式会社（旧株式会社TABILABO）,Rubyエンジニア募集！新しいコンテンツ流通モデルを一緒に創りましょう！,https://www.wantedly.com/projects/110355
606,バックエンドエンジニア,株式会社KabuK Style,住み放題サービスを次なるステージへ導くバックエンドエンジニア募集！,https://www.wantedly.com/projects/401851
607,バックエンドエンジニア,株式会社ワンキャリア,マイクロサービスアーキテクチャに興味があるバックエンドエンジニア募集中！,https://www.wantedly.com/projects/407403
608,バックエンドエンジニア,株式会社オロ,技術選定の自由度が高い環境！様々な規模のPJに関わるバックエンドエンジニア,https://www.wantedly.com/projects/178488
609,バックエンドエンジニア,株式会社カンム,安全な金融サービスを提供するバックエンドエンジニアを募集,https://www.wantedly.com/projects/257533
610,サーバーサイドエンジニア,株式会社TERASS,新しい働き方で不動産業界にイノベーションを｜バックエンドエンジニア募集,https://www.wantedly.com/projects/610399
611,ワードプレスエンジニア,ロックスタ株式会社,WordPressエンジニア│あなたのこだわりをぶつける場所がここにある！,https://www.wantedly.com/projects/619105
612,バックエンドエンジニア,Fracta Leap,世界の水不足問題の解決に挑むバックエンドエンジニア,https://www.wantedly.com/projects/612669
613,バックエンドエンジニア,株式会社enechain,日本No.1シェアのエネルギーマーケットを支えるバックエンドエンジニア募集,https://www.wantedly.com/projects/577961
614,バックエンドエンジニア,株式会社ハイベロシティ,ファンクラブ・ECサイトに興味がある！バックエンドエンジニア大募集！,https://www.wantedly.com/projects/350913
615,"フルスタックエンジニア,",株式会社ブルード,海外思考のエンジニアの方！代表田中とオンライントークしませんか？,https://www.wantedly.com/projects/379537
616,WEB開発,株式会社スカイダイニング,Webエンジニア｜自社サービスの継続開発リーダー／メンバー募集,https://www.wantedly.com/projects/620644
617,バックエンドエンジニア,OpenStreet株式会社,街への貢献を体感できる｜モビリティシェアのバックエンドエンジニア,https://www.wantedly.com/projects/587506
618,Webエンジニア,株式会社Resilire,リスクマネジメントSaaSのバックエンドエンジニアを募集！/GO言語,https://www.wantedly.com/projects/590883
619,バックエンドエンジニア,株式会社みらい翻訳,成長フェーズのディープテック企業でバックエンドエンジニアを募集！,https://www.wantedly.com/projects/602851
620,機械学習エンジニア,株式会社ミツモア,マッチングアルゴリズムを構築する機械学習エンジニア募集！,https://www.wantedly.com/projects/505146
621,バックエンドエンジニア,株式会社スペースマーケット,シェアリングエコノミーで社会課題を解決するバックエンドエンジニア募集！,https://www.wantedly.com/projects/567377
622,Backendエンジニア,株式会社カンカク,テクノロジーで新しいライフスタイルをつくる、Backendエンジニア募集！,https://www.wantedly.com/projects/608415
623,Webエンジニア,株式会社エデュラ,乳幼児の発育を支える保育インフラを作るバックエンドのリードエンジニア募集,https://www.wantedly.com/projects/568799
624,Webエンジニア/自社開発,xxx株式会社,コロナから宿泊者も、施設運営者も守れるSaaS系クラウドサービスの自社開発,https://www.wantedly.com/projects/528226
625,サーバーサイドエンジニア,株式会社Datachain,ブロックチェーン事業立ち上げ！バックエンドエンジニア募集！,https://www.wantedly.com/projects/507817
626,バックエンドエンジニア,BizteX,自由な働き方を実現したいバックエンドエンジニア募集！,https://www.wantedly.com/projects/499884
627,サーバーサイドエンジニア,株式会社ELEMENTS,拡大中の生体認証xFintechを支える バックエンドエンジニア募集！！,https://www.wantedly.com/projects/317681
628,Webエンジニア,株式会社イングリウッド,勉強熱心なデータサイエンティストWanted！EC領域で勢いのある会社です,https://www.wantedly.com/projects/273057
629,Webエンジニア,UUUM株式会社,クリエイターの活動を技術で支える、エンジニアをWanted！,https://www.wantedly.com/projects/417396
630,PHPエンジニア,ランサーズ株式会社,事業会社のエンジニアになりたい！サーバーサイドエンジニア募集,https://www.wantedly.com/projects/464190
631,ソフトウェアエンジニア,OLTA株式会社,日本中の中小企業の悩みを解決する！ソフトウェアエンジニア_バックエンド,https://www.wantedly.com/projects/590960
632,Webエンジニア,株式会社フリークアウト・ホールディングス,新規デジタルサイネージ事業を推進するバックエンドエンジニアの募集,https://www.wantedly.com/projects/623286
633,バックエンドエンジニア,Creww株式会社,バックエンドエンジニアとしてスタートアップの成長を加速させる仲間を募集！！,https://www.wantedly.com/projects/626449
634,バックエンドエンジニア,株式会社トラストバンク,国内最大級のふるさと納税サイト、ふるさとチョイスのバックエンドエンジニア,https://www.wantedly.com/projects/613881
635,Webエンジニア,株式会社ACROVE,小売・ブランドのためのSaaSを。CTO候補のフルスタックエンジニア募集！,https://www.wantedly.com/projects/532407
636,Webエンジニア,チームラボ,Webサービス・アプリ基盤からIoTまで！チームラボのWebエンジニア,https://www.wantedly.com/projects/21723
637,バックエンドエンジニア,株式会社Globee,150万ユーザー突破 | abceedを支えるバックエンドエンジニア募集,https://www.wantedly.com/projects/626993
638,在宅コーダー・コーディング,日本ビジネスアート,全国どこでも働ける！大企業のWebサイト構築をするコーダー・FEを募集！,https://www.wantedly.com/projects/519839
639,リードエンジニア,LOGZGROUP株式会社,0→1フェーズに関わる！人生を豊かにするプロダクトに力をお貸しください！,https://www.wantedly.com/projects/517070
640,Webエンジニア,ワンダーラボ株式会社,子どもがワクワクする教育アプリのWebエンジニア募集！,https://www.wantedly.com/projects/569387
641,Webエンジニア,スタディプラス株式会社,生徒を褒める機会を最大化！これからの教室を支えるWebエンジニア募集！,https://www.wantedly.com/projects/599821
642,リードエンジニア,POST COFFEE 株式会社,コーヒーxテックのスタートアップ☕コーヒー好きのリードエンジニア募集！,https://www.wantedly.com/projects/360188
643,バックエンドエンジニア,株式会社オムニス,Goのビジネス使用経験が1年以上あるバックエンドエンジニア大募集！,https://www.wantedly.com/projects/562989
644,iOSエンジニア,dely株式会社,日本一の女性向けメディア、TRILLのiOSエンジニアを募集！,https://www.wantedly.com/projects/539467
645,リードバックエンドエンジニア,株式会社POL,理系学生と企業をマッチング！自社サービスを担うバックエンドエンジニア募集！,https://www.wantedly.com/projects/616276
646,データサイエンティスト,株式会社クリーク・アンド・リバー社,#Pythonゴリゴリのデータサイエンティスト募集,https://www.wantedly.com/projects/585925
647,iOSエンジニア（副業OK！）,株式会社SPRING OF FASHION,ファッションテックの新サービス！業界を変革したいiOSエンジニア募集！,https://www.wantedly.com/projects/606398
648,WEBエンジニア,株式会社ON,新規サービス立ち上げ！サービス開発・運用を担うWebエンジニア募集！,https://www.wantedly.com/projects/585432
649,バックエンドエンジニア,TVISION INSIGHTS,バックエンドエンジニア募集！新たな技術選定を行い使えるデータ構築して下さい,https://www.wantedly.com/projects/367379
650,iOSエンジニア/マネージャー,株式会社エブリー,iOSエンジニアマネージャー募集！日本最大級のレシピ動画メディア運営企業,https://www.wantedly.com/projects/338033
651,社内SE,株式会社イベント21,WEB制作が主な業務の社内SE募集！,https://www.wantedly.com/projects/413205
652,WEBエンジニア,株式会社エー・アイ・エム スタッフ,どんな言語でも開発経験あれば、スピーディーに成長出来る。WEBエンジニア！,https://www.wantedly.com/projects/607591
653,バックエンドエンジニア,株式会社クラダシ,フードロス削減の社会貢献型ECのバックエンドエンジニア責任者募集,https://www.wantedly.com/projects/534730
654,チームリーダー候補,"Wantedly, Inc.",開発チームをプロダクト面から支えるWEBエンジニアリーダー募集！,https://www.wantedly.com/projects/471335
655,バックエンドエンジニア,株式会社ヒュープロ,日本一のメディアを自分の手で作りたいWEBエンジニア募集！,https://www.wantedly.com/projects/353360
656,アプリケーションエンジニア,Repro Inc.,ハイトラフィックなマーケティングサービスでサービス開発したいエンジニア募集,https://www.wantedly.com/projects/13022
657,テックリード,株式会社pamxy,Node.js / TypeScript 自社サービス開発エンジニア募集！,https://www.wantedly.com/projects/531708
658,バックエンドエンジニア,株式会社ライトコード,東京/モダンな開発が出来る環境！WEB系バックエンドエンジニア大募集！,https://www.wantedly.com/projects/624048
659,Androidエンジニア,└ 株式会社ライトコード,東京/BtoC向けアプリ開発！Androidエンジニア募集！,https://www.wantedly.com/projects/624061
660,iOSエンジニア,└ 株式会社ライトコード,東京/BtoC向けアプリ開発⭐︎iOSエンジニア募集！,https://www.wantedly.com/projects/624062
661,バックエンドエンジニア,└ 株式会社ライトコード,全国の猛者求む！技術が大好きなバックエンドエンジニア大募集！,https://www.wantedly.com/projects/624057
662,WEBエンジニア,株式会社アプレ,0→1を！自社WEBサービスを構築する！アプリ開発の経験者を募集中！,https://www.wantedly.com/projects/616300
663,SE,└ 株式会社アプレ,自社WEBサービスを0→1で構築！アプリ開発経験者の方wanted！！,https://www.wantedly.com/projects/599030
664,ネイティブアプリ開発エンジニア,ドコドア株式会社,Flutterによるアプリ開発をリードするアプリエンジニア募集！,https://www.wantedly.com/projects/533736
665,ネイティブアプリ開発エンジニア,└ ドコドア株式会社,一人目の正規メンバー！新規事業のアプリ開発に挑戦したいエンジニアを募集！,https://www.wantedly.com/projects/511099
666,サーバサイドエンジニア,Qrio株式会社,Ruby on RailsでIoT製品関連のシステム開発に携わりたい方！,https://www.wantedly.com/projects/619579
667,Androidエンジニア,└ Qrio株式会社,Androidエンジニア｜ユーザー数25万人突破のIoT製品連動アプリ開発,https://www.wantedly.com/projects/619586
668,Android/iOS,株式会社サイバーエージェント キャリア採用,Android/iOS ABEMAやAWAなどの自社アプリ開発エンジニア,https://www.wantedly.com/projects/473036
669,アドテクエンジニア,└ 株式会社サイバーエージェント キャリア採用,自社メディアの広告配信システムの開発・運用を行うバックエンドエンジニア募集,https://www.wantedly.com/projects/447741
670,Androidエンジニア,株式会社BEARTAIL,Kotlin/まさかの人力版AWSで自社RPA型SaaSのアプリ開発！,https://www.wantedly.com/projects/88407
671,"エンジニア,講師,メンター",グルーヴ・ギア株式会社,未経験OK！最先端メソッドで「教育×IT」に改革<プログラミング講師募集>,https://www.wantedly.com/projects/110297
672,"エンジニア,講師,メンター",└ グルーヴ・ギア株式会社,大学では学べない「プログラミング×教育」で周りに差をつけたい学生大募集！,https://www.wantedly.com/projects/192551
673,Webエンジニア,Quipper Ltd,スタディサプリを開発するWebエンジニア採用中！,https://www.wantedly.com/projects/605693
674,Webエンジニア,└ Quipper Ltd,日本の学びを変える！スタディサプリを開発するWebエンジニア募集！,https://www.wantedly.com/projects/215057
675,バックエンドエンジニア,└ Quipper Ltd,日本の学びを変える！スタディサプリを開発するBackendエンジニア募集！,https://www.wantedly.com/projects/594739
676,Webエンジニア,└ Quipper Ltd,QuipperのWebエンジニア募集中！スタディサプリを開発しませんか？,https://www.wantedly.com/projects/459038
677,Webエンジニア,└ Quipper Ltd,CMで話題のスタディサプリを開発するWebエンジニア採用中！,https://www.wantedly.com/projects/488946
678,Webエンジニア,└ Quipper Ltd,日本の学びを変える！スタディサプリを開発するWebエンジニア募集！,https://www.wantedly.com/projects/250288
679,Webエンジニア,└ Quipper Ltd,教育に携わる！スタディサプリを開発するWebエンジニア募集！,https://www.wantedly.com/projects/259018
680,Webエンジニア,ユアマイスター株式会社,フロント開発を通して、更に応援されるサービスへ！webエンジニア求む！,https://www.wantedly.com/projects/403389
681,モバイルエンジニア,init株式会社,今までにない最高のプログラミング教育プラットフォームを一緒に作る仲間募集！,https://www.wantedly.com/projects/609398
682,iOSエンジニア,└ init株式会社,プログラミングスクール立上げメンバー｜会社を共に盛り上げるエンジニア募集！,https://www.wantedly.com/projects/622586
683,iOSエンジニア,└ init株式会社,目指すは日本一！iOS特化のプログラミングスクールの立ち上げメンバー募集！,https://www.wantedly.com/projects/581556
684,モバイルエンジニア,└ init株式会社,今までにないプログラミングスクールを一緒に作る仲間募集！！,https://www.wantedly.com/projects/604233
685,iOSエンジニア,└ init株式会社,目指すは日本一！iOS特化のプログラミングスクールの立ち上げメンバー募集！,https://www.wantedly.com/projects/604240
686,プログラマー,株式会社　要,２年以上プログラムでメシ喰っています！ そんな、あなたを待っています。,https://www.wantedly.com/projects/603753
687,Webエンジニア,株式会社favy,ガイアの夜明けで紹介されました！グルメメディアfavyのエンジニア募集！,https://www.wantedly.com/projects/551398
688,モバイルエンジニア,└ 株式会社favy,"月間6,700万人が利用するグルメメディアを動かすアプリ開発エンジニア募集",https://www.wantedly.com/projects/70001
689,開発・バックエンド,パーソルテクノロジースタッフ株式会社,サービス立ち上げ、アプリ開発、それぞれのやりたいをここで実現しませんか？,https://www.wantedly.com/projects/576920
