未経験エンジニア,株式会社夢テクノロジー,ゼロからITエンジニアに挑戦！学びながら成長できる環境あります！,https://www.wantedly.com/projects/601191バックエンド,株式会社トリドリ,Ruby on Railsを用いて自社サービスの開発！バックエンド募集,https://www.wantedly.com/projects/534352アプリ開発/自社開発,株式会社トリドリ,自社サービスでアプリ開発／企業×インフルエンサーマッチングサービス,https://www.wantedly.com/projects/561640
決済アプリ開発（サーバサイド）,ネットムーブ株式会社,30万店舗で利用されている決済バックエンドアプリ開発エンジニア募集中！,https://www.wantedly.com/projects/477777
モバイルアプリ開発,ネットムーブ株式会社,モバイルペイメントアプリ開発エンジニア募集中！,https://www.wantedly.com/projects/454085
PHPサーバーサイドエンジニア,スパイラルセンス株式会社,ゲーム・アプリ開発の縁の下の力持ち！PHPサーバーサイドエンジニアを大募集,https://www.wantedly.com/projects/593738
エンジニア大募集,株式会社Her's,案件あふれてます！ディレクションから開発までできるWebデザイナー募集！,https://www.wantedly.com/projects/587710
Webエンジニア,株式会社スタートアップテクノロジー,Webシステムからアプリ開発まで！新規事業開発に携わりたいエンジニア募集！,https://www.wantedly.com/projects/465502
Railsエンジニア,株式会社スタートアップテクノロジー,納品のないプロダクト開発に取り組むWebエンジニア募集！,https://www.wantedly.com/projects/622583
Webエンジニア,バルール株式会社,WEB全般のプログラムを使いこなせるようになりたいプログラマー募集,https://www.wantedly.com/projects/245345
Webエンジニア,株式会社Asobica,カスタマーサクセス領域を支援するWebアプリの開発｜Railsエンジニア,https://www.wantedly.com/projects/305493
"アーキテクト,バックエンド",株式会社ウィルゲート,Webサービス開発のアーキテクト｜バックエンドエンジニアWanted!,https://www.wantedly.com/projects/215699
Webエンジニア（ATOM）,SO Technologies 株式会社,モダンな開発環境で自社プロダクト開発したいWebエンジニア募集！！,https://www.wantedly.com/projects/477974
LAMP環境開発,株式会社インプレイ,ITの力で感動体験を創出しませんか？WEBアプリ開発エンジニア募集！,https://www.wantedly.com/projects/534053
未経験 研修 開発 アプリ,株式会社 topnote,人柄重視！０からプログラミングを学びWEBエンジニアになりたい方を大募集！,https://www.wantedly.com/projects/498139
Webエンジニア,株式会社ネオラボ,ヘルステックからエンタメまで案件が多彩！WEBアプリ開発経験者を募集,https://www.wantedly.com/projects/572262
システムエンジニア,株式会社ネイティブキャンプ,急成長スタートアップでWEB・アプリ開発に携わるWEBエンジニアを募集！,https://www.wantedly.com/projects/586441
未経験歓迎！機械学習エンジニア,株式会社ラクスパートナーズ,プログラミング経験を活かしデータ分析業務を！3か月で機械学習エンジニア,https://www.wantedly.com/projects/565063
サーバサイドエンジニア,株式会社ハウテレビジョン,Webアプリ開発経験者歓迎！ユーザーファーストな圧倒的スピード開発！,https://www.wantedly.com/projects/302624
サーバーサイドエンジニア,株式会社アプトポッド,golangエンジニア募集！大手メーカーの研究開発を支えるIoT基盤開発,https://www.wantedly.com/projects/110490
データサイエンティスト,株式会社AVILEN,AIエンジニア志望学生歓迎！ディープラーニング開発インターン,https://www.wantedly.com/projects/398826
フルスタックエンジニア,株式会社AVILEN,web開発が大好きで仕方ない貴方！自分の技術スタックを試してみませんか？！,https://www.wantedly.com/projects/480818
Railsエンジニア,株式会社3Backs,Railsで新規開発！自社プロダクトを開発する駆け出しエンジニアを大募集！,https://www.wantedly.com/projects/571057
Webエンジニア,株式会社3Backs,モダンな自社開発企業で経験を積もう！ Webエンジニア超募集,https://www.wantedly.com/projects/576486
フルスタックエンジニア,株式会社PIGNUS,バックエンド経験者募集！Webマーケ領域における新規サービス開発,https://www.wantedly.com/projects/557802
バックエンドエンジニア,株式会社PIGNUS,急成長ベンチャーで0→1のプロダクト開発！バックエンドのテックリード募集！,https://www.wantedly.com/projects/544352
Webエンジニア,株式会社キャラウェブ,サーバーレス等のAWSをフル活用しWebアプリ開発を行うエンジニア募集！,https://www.wantedly.com/projects/625055
エンジニア,株式会社ゲームトレード,RailsでRMT市場をグロース。業界を牽引する自社プロダクト開発をお任せ,https://www.wantedly.com/projects/590662
Webエンジニア,TINAMI株式会社,イラスト・マンガ系の新Webサービス Twoucan 開発エンジニア募集！,https://www.wantedly.com/projects/374364
Railsエンジニア,株式会社アーキベース,拡大期のベンチャーでRailsエンジニア経験を活かして開発に携わりませんか,https://www.wantedly.com/projects/565238
プログラマー,株式会社ドリームオンライン,Webプログラミング経験者さんWanted！お気軽にお話だけでもどうぞ！,https://www.wantedly.com/projects/324538
モバイルエンジニア,株式会社ドリームオンライン,アプリ開発をしたい方、幅広いジャンルの開発ができる当社で活躍しませんか？,https://www.wantedly.com/projects/348283
フルスタックエンジニア,株式会社ドリームオンライン,開発の中心として活躍したいフルスタック・WebエンジニアをWanted！,https://www.wantedly.com/projects/327917
Webエンジニア,株式会社クラウドワークス,5年後の働き方を支えるRailsエンジニアの募集！,https://www.wantedly.com/projects/55681
アプリ開発エンジニア,アルサーガパートナーズ株式会社,幅広い業界のアプリ開発に参画できる！アプリエンジニア,https://www.wantedly.com/projects/612847
アプリ開発,KYOKYU株式会社,経験が浅い方でも大歓迎！集客用アプリ開発をお任せします！,https://www.wantedly.com/projects/591928
Railsエンジニア,株式会社Samurai,<未経験者も歓迎>RailsでFintechアプリを開発したい人募集!,https://www.wantedly.com/projects/156440
Railsエンジニア,メドピア株式会社,Railsでヘルステック事業を前進させるサービス開発エンジニアを大募集！,https://www.wantedly.com/projects/314435
webエンジニア/中途,イナゾウ株式会社,プログラミングに魅了された。そんな生粋のプログラミング好き募集！！,https://www.wantedly.com/projects/460660
中途/言語不問,イナゾウ株式会社,プログラミングスクール卒募集！働き方重視のITベンチャーで働きませんか？,https://www.wantedly.com/projects/446950
Web開発リーダー,株式会社イーリバースドットコム,組織拡大中！Rails、C#、React、Vue等の自社開発やりませんか？,https://www.wantedly.com/projects/600514
Railsエンジニア,株式会社Linc,ユーザ急増中プロダクトの開発をしませんか？Railsエンジニア募集！,https://www.wantedly.com/projects/266680
バックエンドエンジニア,株式会社GIG,最新技術を使ってサービス開発を！リーダー候補のバックエンドエンジニアを募集,https://www.wantedly.com/projects/564750
Webエンジニア,株式会社crispy,少数精鋭チームで開発！お買い物サービスを作るRailsエンジニア募集,https://www.wantedly.com/projects/583044
サーバーサイドエンジニア,株式会社WARC,Rails・サーバーサイド｜HR techのプロダクト開発エンジニア募集！,https://www.wantedly.com/projects/523030
バックエンドエンジニア,りらいあデジタル株式会社,AIチャットボットから、その先の世界へ。バックエンドエンジニア募集,https://www.wantedly.com/projects/266837
バックエンドエンジニア,株式会社QuickWork,自社サービス/アジャイル┃Python×Reactバックエンド開発者！,https://www.wantedly.com/projects/621208
Webエンジニア,ペリプラス株式会社,SaaS型CMSを開発するRailsエンジニアを募集！,https://www.wantedly.com/projects/544155
サーバサイドエンジニア,株式会社アンドパッド,急成長中の業界シェアNo.1自社アプリを開発するRailsエンジニア募集,https://www.wantedly.com/projects/177378
Webエンジニア,株式会社Crew,何よりもプログラム力を高めたい駆け出しWEBエンジニア募集！,https://www.wantedly.com/projects/624261
バックエンドエンジニア,株式会社グロービス,未来の教育を創るRailsエンジニア募集！toB向け開発,https://www.wantedly.com/projects/595706
Rubyエンジニア,株式会社JMDC,個人の健康データを統合管理するサービスをRailsで開発しませんか ？,https://www.wantedly.com/projects/285091
Rubyエンジニア,株式会社イデアルアーキテクツ,Ruby on Railsでガンガン開発したいエンジニアWanted!!,https://www.wantedly.com/projects/157324
サーバーサイドエンジニア,株式会社ジョリーグッド,Vue.jsとRailsで開発したいサーバーサイドエンジニア募集！！,https://www.wantedly.com/projects/258946
Railsエンジニア,株式会社マネーフォワード,ビッグデータを活用した個人向けサービスの開発を担うRailsエンジニア！,https://www.wantedly.com/projects/185681
Web開発エンジニア,株式会社マネーフォワード,日本の会計シーンを変える鍵を持つクラビスでのWeb開発エンジニアを募集！,https://www.wantedly.com/projects/440767
Webエンジニア,株式会社フォトシンス（Akerun）,Railsエンジニア/サブスク型SaaS企業で認証プラットフォーム開発！,https://www.wantedly.com/projects/600766
エンジニア,株式会社TAM,コードで課題を解決する、フロント/バックエンドWEBエンジニア募集！,https://www.wantedly.com/projects/46856
バックエンドエンジニア,C Channel株式会社,新時代のプラットフォーム開発を支えるバックエンドエンジニアを募集！,https://www.wantedly.com/projects/570304
バックエンドエンジニア,株式会社ビットエー,流行りのアプリ開発より、ずっと必要とされるPHPで開発しませんか？,https://www.wantedly.com/projects/587065
サーバーサイドエンジニア,株式会社メイツ,新サービスの開発に携わるバックエンドエンジニア　教育系アプリ,https://www.wantedly.com/projects/521015
Webエンジニア,株式会社ROBON,第二新卒／自社開発でプログラミングスキルと自己成長を目指すエンジニア募集,https://www.wantedly.com/projects/580742
Railsエンジニア/正社員,株式会社ポケットマルシェ,農家・漁師から産直のC2Cサービス開発の中核を担うRailsエンジニア募集,https://www.wantedly.com/projects/451001
Railsエンジニア,KiZUKAI,Rails人材コアメンバー！AIを活用するCXMサービスの開発職を募集,https://www.wantedly.com/projects/596439
マッチングアプリ開発エンジニア,株式会社ライフアップ,ゴルフビジネス事業のローンチに向けた、アプリ開発エンジニアをWanted,https://www.wantedly.com/projects/580060
キャリア採用／バックエンド,株式会社Wiz,PHP｜自社開発グロースハックがミッション！バックエンドのリードエンジニア,https://www.wantedly.com/projects/550936
バックエンドエンジニア,株式会社デパート,Web制作を支えるバックエンドエンジニア募集！,https://www.wantedly.com/projects/604730
Railsエンジニア,レンティオ株式会社,急成長中のレンタルECサイトを開発するRailsエンジニア募集！,https://www.wantedly.com/projects/343587
iOSエンジニア,株式会社SARAH,多岐にわたって活躍できる！アプリ開発を極めるiOSエンジニア募集！！,https://www.wantedly.com/projects/589245
バックエンドエンジニア,株式会社SARAH,自走力を活かしてフルスタックに活躍できるバックエンドエンジニア募集！,https://www.wantedly.com/projects/591725
バックエンドエンジニア/情報シ,株式会社ADrim,事業拡大中のWEBマーケティング会社でのバックエンドエンジニア,https://www.wantedly.com/projects/620855
アプリエンジニア,株式会社レイハウオリ,アプリ開発を極めたいiOS/AndroidエンジニアWANTED！,https://www.wantedly.com/projects/376489
iOSエンジニア,MAMORIO株式会社,IoT×Swiftで美しいアプリ開発をしたいプログラマーをウォンテッド！,https://www.wantedly.com/projects/108689
サーバーサイドエンジニア,株式会社Relic,成長中のFintechプロダクトを開発したいRailsエンジニアを募集！,https://www.wantedly.com/projects/524007
バックエンドエンジニア,株式会社GNEX,領域を超えるバックエンド開発で顧客のマーケティング課題を解決したい方募集！,https://www.wantedly.com/projects/237692
iOSエンジニア,株式会社Diverse,Flutter活用の自社アプリ開発！スキルを磨きたいiOSエンジニア募集！,https://www.wantedly.com/projects/575129
Webバックエンドエンジニア,ハンズラボ株式会社,東急ハンズのEC領域を支えるWebバックエンドエンジニアを募集！,https://www.wantedly.com/projects/513389
Railsエンジニア,株式会社Leaner Technologies,自社クラウド設計・開発で業界の次世代スタンダードを創るRailsエンジニア,https://www.wantedly.com/projects/429153
プログラマー,トリヒコ株式会社,異空間のクリエーター。世界の舞台で挑戦！モバイルプログラム開発,https://www.wantedly.com/projects/380702
Swift,株式会社トリビュー,iOS｜技術力はもちろん、ユーザー体験向上を考えられるアプリ開発エンジニア,https://www.wantedly.com/projects/433450
Webエンジニア,株式会社Days,Webサービス開発・運用エンジニア募集！,https://www.wantedly.com/projects/623457
Webエンジニア,カイロスマーケティング株式会社,利用者急増に対処する経験を学びたい若手募集！WEBサービスの開発エンジニア,https://www.wantedly.com/projects/290607
Shopifyアプリエンジニア,株式会社StoreHero,コマースの新しいスタンダードをつくる！自社アプリ開発を担うエンジニア募集！,https://www.wantedly.com/projects/601950
中途　エンジニア　未経験,株式会社ビジネス・インフォメーション・テクノロジー,プログラミングやったことなくてもOK！エンジニアの卵を孵化させたい！,https://www.wantedly.com/projects/560926
離職率4%の環境でエンジニア,株式会社テクノコア,初心者WEBエンジニアも大歓迎！人が辞めない環境で自社開発も目指せます！,https://www.wantedly.com/projects/540373
iOSアプリエンジニア,株式会社バサラ,大手メーカーのIoTアプリ開発に携わってくれるエンジニア募集,https://www.wantedly.com/projects/555990
スマートフォンアプリエンジニア,株式会社インフキュリオン,Flutterを利用したアプリ開発。スマートフォンアプリエンジニアを募集！,https://www.wantedly.com/projects/450868
バックエンドエンジニア,株式会社ASTINA,要件定義から納品まで一気通貫に経験しませんか？　バックエンドエンジニア募集,https://www.wantedly.com/projects/609952
バックエンドエンジニア,株式会社Aerial Partners,ドメイン駆動設計を活かした開発に興味のあるバックエンドエンジニア募集！,https://www.wantedly.com/projects/563274
Android エンジニア,フェンリル,デザイン×技術のフェンリルでアプリ開発。Androidエンジニア募集,https://www.wantedly.com/projects/546027
バックエンド　フルスタック,株式会社Freewill,バックエンドデベロッパー求む。グローバルな環境で自社サービスを開発しよう！,https://www.wantedly.com/projects/439769
SE、プログラマー,クオリテック株式会社,豊田市で大手自動車メーカーのプログラムを開発・運用したいエンジニア募集！！,https://www.wantedly.com/projects/492884
MachineLearning,株式会社ビービット,AI技術を取り入れたプロダクトの開発を支援する機械学習エンジニアを募集！,https://www.wantedly.com/projects/236508
バックエンドエンジニア,株式会社ビービット,ユーザ理解を支えるデータ処理システムを運用するバックエンドエンジニア募集！,https://www.wantedly.com/projects/387564
モバイルアプリエンジニア,フェリカポケットマーケティング株式会社,ヘルスケア×地域活性！数万人が利用するアプリ開発エンジニアを募集,https://www.wantedly.com/projects/210368
アドテクエンジニア,株式会社スリーシェイク,高度なスキル身につけたい方歓迎！アドテクプラットフォームのバックエンド開発,https://www.wantedly.com/projects/593137
webエンジニア,株式会社CIN GROUP,知識・経験がなくてもエンジニアに！？安心のプログラミング研修付き！,https://www.wantedly.com/projects/594792
WEBアプリ発技術者,ピセ株式会社,WEBアプリケーション開発技術者として幅広い案件に挑戦しませんか？,https://www.wantedly.com/projects/612213
iOSエンジニア,株式会社DeNA SOMPO Mobility,Swiftを活かしアプリ開発で日本の車社会を変える、iOSエンジニア募集！,https://www.wantedly.com/projects/611774
サーバーサイドエンジニア,株式会社LegalForce,新サービス開発を通してバックエンドを極めたいサーバーサイドエンジニア募集！,https://www.wantedly.com/projects/567518
モバイルエンジニア,（株）Freewillトータルエデュケーション,”テクノロジー×教育×美”で世界の美意識を変える！アプリ開発エンジニア募集,https://www.wantedly.com/projects/28251
iOSエンジニア,株式会社アイリッジ,大手企業向けアプリ開発！iOSエンジニア募集！,https://www.wantedly.com/projects/505115
Railsエンジニア,株式会社SIMULA Labs,最新技術を使った自社サービスの開発に携わっていきたいバックエンドエンジニア,https://www.wantedly.com/projects/601967
バックエンドエンジニア,株式会社dual&Co.,アパレル業界向けクラウドサービスを開発するバックエンドエンジニア募集！,https://www.wantedly.com/projects/521275
サーバーサイドエンジニア,株式会社TimeTechnologies,創業2年目の企業でプロダクト開発に携わりたいRailsエンジニア募集！,https://www.wantedly.com/projects/623795
ビリングシステムエンジニア,ココネ株式会社,アプリ開発のHUB組織で働く！ビリングシステムエンジニア,https://www.wantedly.com/projects/448732
Webエンジニア,株式会社Jocy,開発エンジニア：Rails／美容室サブスクリプションサービスMEZON,https://www.wantedly.com/projects/625548
エンジニア（経験者）,株式会社プラウドデータ,アプリ開発、ECサイト構築、組み込み系開発等楽しいプロジェクトがたくさん！,https://www.wantedly.com/projects/456696
Railsエンジニア,株式会社クリプラ,柔軟な働き方で取り組む クラウド電子カルテのRailsエンジニア募集！,https://www.wantedly.com/projects/525845
Rubyエンジニア,株式会社Cuon,Railsが好き！これからもRailsで開発を行っていきたい人Wanted,https://www.wantedly.com/projects/623280
システムエンジニア,株式会社テクノジャパン,自動運転やアプリ開発など次世代のシステムエンジニア募集！,https://www.wantedly.com/projects/549867
iOSエンジニア,株式会社メルカリ,業界有数のスマホ決済アプリ開発をご一緒に！iOSエンジニア募集！,https://www.wantedly.com/projects/612416
プログラミングスクール卒募集,ソネオス株式会社,プログラミングスクール卒募集！今までの経験＋αで、力を付けませんか？,https://www.wantedly.com/projects/467440
サーバーサイドエンジニア,株式会社ライフスポーツ,スポーツマッチング&ECアプリ開発をやりたい！エンジニアリーダー募集！,https://www.wantedly.com/projects/110713
システム開発PL,ソフトブレーン株式会社,100％自社開発／上流工程から携わるWEBアプリケーション開発PL,https://www.wantedly.com/projects/251931
Webエンジニア,株式会社シンクエイト,世界トップレベルの開発を目指しているWebエンジニア募集Java PHP,https://www.wantedly.com/projects/610932
Flutterエンジニア,株式会社ペンマーク,アプリ開発チームを率いるFlutterエンジニアをWanted！,https://www.wantedly.com/projects/556982
Webエンジニア,株式会社インターファーム,中古バイクの売買サイト運営！画像処理にも興味ありなRailsエンジニア,https://www.wantedly.com/projects/416332
iOSエンジニア,株式会社ライズフォース,アプリ開発のプロフェッショナルに！iOSアプリエンジニアWanted!,https://www.wantedly.com/projects/348104
Rubyエンジニア,株式会社ラフール,Railsエンジニア/技術力でメンタルヘルスの社会課題に挑戦したい方を募集,https://www.wantedly.com/projects/536058
iOSエンジニア,vivit株式会社,Swiftでアプリ開発！事業にダイレクトに貢献できるiOSエンジニアを募集,https://www.wantedly.com/projects/512577
Androidエンジニア,vivit株式会社,成長中の市場でアプリ開発をリードするAndoridエンジニア募集！,https://www.wantedly.com/projects/512578
PHPプログラマ,株式会社いろはにぽぺと,WEB関連の開発＆WEBシステムエンジニア募集,https://www.wantedly.com/projects/48726
Unity/ゲームエンジニア,株式会社いろはにぽぺと,プログラムからゲームを作れるオタクを募集！,https://www.wantedly.com/projects/107688
Androidエンジニア,株式会社ビズリーチ,全社横断で既存/新規事業のアプリ開発を支えるAndroidエンジニア募集！,https://www.wantedly.com/projects/569116
バックエンドエンジニア,オートメーションラボ株式会社,自社プロダクトの機能開発をお任せします。バックエンドエンジニアを募集中！,https://www.wantedly.com/projects/594362
サーバーエンジニア(PaaS),セーフィー株式会社,ペタbyte級データを扱うバックエンド開発に携わり、技術力を高めませんか？,https://www.wantedly.com/projects/604937
モバイルアプリ（iOS）,セーフィー株式会社,顔認証など映像解析系サービスのアプリ開発も手掛けるモバイルエンジニア募集！,https://www.wantedly.com/projects/541611
バックエンドエンジニア,株式会社マーケライズ,完全独自開発のバックエンドエンジニア php/python/aws 募集！,https://www.wantedly.com/projects/622892
スマホ開発/Web開発,オルターボ株式会社,アプリ開発/ゲーム開発にチャレンジしたいエンジニア募集！！,https://www.wantedly.com/projects/592200
Webエンジニア,株式会社ココナラ,技術ドリブンの組織構築を行い、変化に強いプロダクトに。圧倒的な成長期を支えるバックエンドエンジニアの裏側,https://www.wantedly.com/projects/553275
WEBエンジニア,Trilium株式会社,スタートアップ企業で社内開発の成長へ関わって頂けるWebエンジニア募集！,https://www.wantedly.com/projects/485409
iOSエンジニア,株式会社アイ・エフ・クリエイト,iOSモバイルエンジニア募集｜保険業界で働く人々が利用するアプリ開発,https://www.wantedly.com/projects/600769
アプリ開発エンジニア,株式会社アイ・エフ・クリエイト,腰を据えて長く開発に携われる！裁量大きい自社アプリ開発エンジニア募集！,https://www.wantedly.com/projects/354532
iOSエンジニア,WealthNavi（ウェルスナビ）,FinTechユニコーン企業のアプリ開発を牽引するiOSエンジニア募集！,https://www.wantedly.com/projects/610934
バックエンドエンジニア,ミイダス株式会社,ミイダスのバックエンド開発のチームリーダー候補を募集中！,https://www.wantedly.com/projects/605294
Webエンジニア,デジタル・アドバタイジング・コンソーシアム株式会社,大規模プラットフォーム開発に携わりたいWebエンジニア募集！,https://www.wantedly.com/projects/478135
バックエンドエンジニア,株式会社スカイベイビーズ,Webに命を吹き込む！社内初のバックエンドエンジニアとして働きませんか？,https://www.wantedly.com/projects/593654
iOSアプリエンジニア,株式会社エニグモ,CtoCサービス・BUYMAのアプリ開発をリード！iOSエンジニアを募集！,https://www.wantedly.com/projects/517631
Webエンジニア/テックリード,株式会社エニグモ,国内有数規模ECサイトの開発に没頭したいWebエンジニア/テックリード候補,https://www.wantedly.com/projects/505402
Railsエンジニア,株式会社リスタ,求人数20万件突破！求人業界を変えたいRailsエンジニアWANTED！,https://www.wantedly.com/projects/541796
データサイエンティスト,Onplanetz株式会社,AI事業開発を加速させるデータサイエンスティスト長期インターン募集!,https://www.wantedly.com/projects/538002
バックエンドエンジニア,キャディ株式会社,バックエンド開発でApple出身CTOと製造業を変革するテックリード募集！,https://www.wantedly.com/projects/254293
Scalaエンジニア,株式会社ポケットチェンジ,バックエンドAPIをScalaで新規開発するエンジニア募集！,https://www.wantedly.com/projects/282243
アプリ開発エンジニア,株式会社レコモット,少人数制だから全てが早い！刺激的な環境でスキルUP！！アプリ開発エンジニア,https://www.wantedly.com/projects/595807
Androidアプリエンジニア,オープンワーク株式会社,OpenWorkのアプリ開発を加速させるAndroidエンジニアを募集！,https://www.wantedly.com/projects/578550
バックエンドエンジニア,株式会社SUPER STUDIO,口コミで話題！SaaS EC基幹システム開発｜バックエンドエンジニアを募集,https://www.wantedly.com/projects/376150
Flutter,株式会社ギフティ,自社サービスでのアプリ開発をリードするFlutterエンジニアを募集,https://www.wantedly.com/projects/312874
Ruby on Rails,株式会社ギフティ,小さな感謝にギフトを添えて贈り合うgifteeのバックエンドエンジニア募集,https://www.wantedly.com/projects/312855
サーバーサイドエンジニア,株式会社ユートニック,音楽、エンタメ領域でバックエンド開発をマネジメントしたいエンジニア募集！,https://www.wantedly.com/projects/445281
システムエンジニア,株式会社レボーン,総務人事をプログラム化するシステムエンジニア募集！,https://www.wantedly.com/projects/605202
アプリ開発,東京システムハウス株式会社,ゴルフ場に行きたくなる、業界を元気にするアプリ開発エンジニア募集,https://www.wantedly.com/projects/599167
アプリ開発エンジニア,シグニフィ株式会社,自社事業・受託事業の成長を加速させるアプリ開発エンジニアを探しています！,https://www.wantedly.com/projects/564708
エンジニア,株式会社ゼロアクセル,急成長企業の自社Webサービス開発を横断的にお任せするエンジニア募集！！,https://www.wantedly.com/projects/623117
サーバーサイドエンジニア,株式会社カケハシ,調剤薬局と患者さんのDXを実現する　お薬連絡帳アプリのバックエンド開発,https://www.wantedly.com/projects/581096
Webエンジニア,株式会社ポピンズシッター,育児TechベンチャーでRailsエンジニアのテックリードを募集！,https://www.wantedly.com/projects/600564
Webエンジニア,株式会社チュートリアル,働くをもっと楽しくするクラウド型RPAのRailsエンジニアを募集！,https://www.wantedly.com/projects/555402
バックエンドエンジニア,MI-6株式会社,ICCカタパルト優勝！業界注目のSaaS開発を担うバックエンドエンジニア,https://www.wantedly.com/projects/451694
Webエンジニア,株式会社オリサンキュ,無限に学び、新しい価値観の世代を創造する！開発を担うWebエンジニア募集！,https://www.wantedly.com/projects/282224
バックエンドエンジニア,Sasuke Financial Lab株式会社,次世代の保険アルゴリズムを開発する、バックエンドエンジニア募集,https://www.wantedly.com/projects/428773
バックエンド開発リーダー,HAIRCAMP株式会社,バックエンド開発リーダー｜爆速で成長する教育系ベンチャーで働きませんか？,https://www.wantedly.com/projects/611856
バックエンド,株式会社B&W,モダンな開発環境で、医療業界の業務改善に挑むバックエンドエンジニア募集,https://www.wantedly.com/projects/613163
PHP/WEB系エンジニア,株式会社セレス,100％自社内開発！累計会員800万人Webサービスに関わるエンジニア募集,https://www.wantedly.com/projects/492872
Webエンジニア,株式会社セレス,100％自社開発！スピード感と裁量を求めるWebエンジニア募集！,https://www.wantedly.com/projects/527816
Javaエンジニア,株式会社TechFirst Leaders,ユニークに働きたい！Javaを用いたWebシステム開発者大募集！,https://www.wantedly.com/projects/495059
Pythonエンジニア,株式会社TechFirst Leaders,PythonによるWeb開発／データ分析／機械学習エンジニア募集！,https://www.wantedly.com/projects/456109
バックエンドエンジニア,MEDIA ENGINE INC.,技術で事業を成長させたい！アツいバックエンドエンジニアを募集！！,https://www.wantedly.com/projects/399751
Ruby on Rails,株式会社Linc'well (リンクウェル),Railsエンジニアを募集！医療×ITで新規事業を起こそう！,https://www.wantedly.com/projects/513402
Webエンジニア,株式会社Soft House Concierge,確かな技術があるから出来る受託開発100％。社内Web系エンジニア募集,https://www.wantedly.com/projects/427509
バックエンドエンジニア,株式会社FROM JAPAN,バックエンドエンジニア　世界中で利用される越境ECサービスの開発！,https://www.wantedly.com/projects/616526
バックエンドエンジニア,株式会社バックテック,Node.jsで高速にバックエンドの開発をしていけるエンジニアを募集！,https://www.wantedly.com/projects/609781
自社サービスの開発,Talknote株式会社,社内コミュニケーションサービスのWebアプリケーションの開発者探しています,https://www.wantedly.com/projects/382471
フルスタックエンジニア,株式会社タノム,食品業界のDXを推進！B2B SasSを開発するWEBエンジニア募集,https://www.wantedly.com/projects/603566
Rubyエンジニア,株式会社オースタンス,社員1桁で月4000万PV！シニアDX大手のRailsエンジニア募集！,https://www.wantedly.com/projects/326440
20卒 WEBエンジニア,株式会社FAM,ゼロからプログラミングを学びたいエンジニア志望の方と会いたい！20卒歓迎！,https://www.wantedly.com/projects/433070
Webエンジニア,株式会社futurelabo,100％自社内開発！インターンシップサイトのWebエンジニア募集,https://www.wantedly.com/projects/514125
ジョブカンエンジニア,株式会社Donuts,"Ruby, Python,Go！業務支援SaaSのサーバーサイド開発",https://www.wantedly.com/projects/576677
Railsエンジニア,Classi株式会社,学校教育にICT革命を起こすRailsエンジニア募集！,https://www.wantedly.com/projects/166763
Webエンジニア,株式会社Tsunagu.AI,フロントエンド開発を自動化するAIプロダクトを作りたいWebエンジニア募集,https://www.wantedly.com/projects/241867
AI／機械学習エンジニア,株式会社Tsunagu.AI,HONGO.AI選出 | Web制作を自動化するリードAIエンジニア募集！,https://www.wantedly.com/projects/544722
バックエンドエンジニア,Paintnote株式会社,レガシー変革！SaaSスタートアップの2人目Railsエンジニア募集！,https://www.wantedly.com/projects/598699
バックエンドエンジニア,株式会社IoTBank,自社IoTサービスの力で人々を笑顔にしたいバックエンドエンジニアを募集！,https://www.wantedly.com/projects/577400
サーバーエンジニア,株式会社Elaly,急成長の家具のサブスク！事業を牽引していくRailsエンジニア募集！,https://www.wantedly.com/projects/558579
iosエンジニア,CAMPFIRE,流通400億円突破のサービスでアプリ開発をしたいiOSエンジニア募集!!,https://www.wantedly.com/projects/604766
バックエンドエンジニア,株式会社palan,Ruby on RailsでARのシステムを作りたい学生インターン募集！,https://www.wantedly.com/projects/610641
サーバーサイドエンジニア,株式会社東京通信,ゲームアプリのバックエンド開発＿新ツールの開発等挑戦できる環境です！,https://www.wantedly.com/projects/594652
データアナリスト,株式会社エイト,WEBマーケティングソリューションのデータサイエンティスト・アナリスト募集,https://www.wantedly.com/projects/447836
未経験OKのRubyエンジニア,株式会社アシロ,スクール卒OK｜Rubyエンジニア！メディア運営会社で新たに挑戦しませんか,https://www.wantedly.com/projects/601295
バックエンドエンジニア,ベルフェイス株式会社,セールステックSaaSをフルリモート開発するバックエンドエンジニアを募集,https://www.wantedly.com/projects/493052
基幹開発エンジニア,株式会社インフォマート,バックエンド、基盤開発を設計からリリース、運用保守までを担当するエンジニア,https://www.wantedly.com/projects/616729
バックエンドエンジニア,株式会社クライド,自社開発アドテクサービスに携わるバックエンドエンジニア募集！,https://www.wantedly.com/projects/509608
システムエンジニア,株式会社タイムマーケティング,扱う点数100万点以上！ファッション輸入越境ECのバックエンド開発募集！,https://www.wantedly.com/projects/486978
バックエンドエンジニア PHP,ナレッジ・マーチャントワークス株式会社,多機能アプリの基盤を構築し事業を加速するバックエンドエンジニアを大募集！,https://www.wantedly.com/projects/549770
バックエンドエンジニア,VISITS Technologies 株式会社,感性や才能を可視化！人の幸せを研究開発したいバックエンドエンジニア募集！,https://www.wantedly.com/projects/598422
SaaSのエンジニア,株式会社ディール,EC・D2C業界特化型SaaSの自社プロダクト開発のエンジニア募集！,https://www.wantedly.com/projects/426695
webエンジニア,iChain株式会社,モバイルアプリも！webアプリも！自社サービス開発のWebエンジニア募集！,https://www.wantedly.com/projects/550295
サーバーサイドエンジニア,株式会社HES,自社サービスのバックエンド開発/運用を支えるメンバ募集,https://www.wantedly.com/projects/603823
自社プロダクト開発,株式会社スカイアーク,顧客の声を直接聞きながら自社プロダクト開発に挑戦したいWebエンジニア！,https://www.wantedly.com/projects/457848
ソフトウェアエンジニア,株式会社クォンタムオペレーション,病気を未然に防ぎ、重症化を防ぐ。そんなアプリ開発に携わるエンジニア集まれ！,https://www.wantedly.com/projects/510310
バックエンドエンジニア,株式会社Nextat,モダン且つ刺激的な環境で開発実績を増やしたいバックエンドエンジニア募集！,https://www.wantedly.com/projects/355643
Java開発エンジニアリード,パーソルキャリア株式会社（キャリア採用）,転職支援サービスdodaのスマートフォン向けアプリ開発チームのリードを募集,https://www.wantedly.com/projects/502150
Railsエンジニア,ツクリンク株式会社,63兆円市場の建設業界を自社サービスで変革するRailsエンジニア募集！,https://www.wantedly.com/projects/550467
未経験でも大丈夫！エンジニア職,株式会社Knocknote,経験ゼロでも問題なし。熱意を持って働きたい人を探しています。,https://www.wantedly.com/projects/588549
バックエンドエンジニア,パレットクラウド株式会社,不動産tech開発を加速させるバックエンドエンジニア募集！,https://www.wantedly.com/projects/257387
R&D/研究開発,株式会社ビデオマーケット,動画配信事業の研究開発を担当するWebエンジニア募集！,https://www.wantedly.com/projects/595347
バックエンドエンジニア,株式会社スマートショッピング,CA、メルカリ出身者からなる開発チームでバックエンド開発者を募集！,https://www.wantedly.com/projects/381646
ReactNative　など,noco株式会社,中小企業・地方企業をデジタルの力で支えたい ｜アプリ開発エンジニアを募集,https://www.wantedly.com/projects/530671
Ruby on Rails,noco株式会社,中小企業のDXを情報インフラで解決したい｜Railsエンジニアを募集,https://www.wantedly.com/projects/627384
Rubyエンジニア,株式会社Beer and Tech,花き業界を代表するサービスを共に作り上げるRailsエンジニア募集！,https://www.wantedly.com/projects/566034
アプリ開発エンジニア,株式会社カウリス,月間数億トランザクションサービスを加速させるアプリ開発エンジニア募集！,https://www.wantedly.com/projects/627138
Railsエンジニア,株式会社High Link,昨対比11 倍成長！香りのサブスクサービスのRailsエンジニア募集！,https://www.wantedly.com/projects/586258
react native,株式会社アングラーズ,React Nativeでアプリ開発をリードするエンジニア募集！,https://www.wantedly.com/projects/550730
サーバーサイドエンジニア,株式会社Another works,Railsエンジニア/創業メンバーのエンジニアとして働きませんか？,https://www.wantedly.com/projects/615708
バックエンドエンジニア,株式会社whitecanvas,大手からスタートアップまで事業開発に挑戦したいWebエンジニア!,https://www.wantedly.com/projects/606922
Webエンジニア,Senjin Holdings,東大生と一緒にWEB開発しませんか？,https://www.wantedly.com/projects/350715
経験者,株式会社アルス・ウェアー,仕事が趣味のwebエンジニア集まれ！受託開発、上流工程お任せします！,https://www.wantedly.com/projects/590575
データアナリスト,株式会社トラストリッジ,第二新卒歓迎！SIerで学んだプログラミング、データ分析に活かしませんか？,https://www.wantedly.com/projects/573327
Webエンジニア,株式会社トラストリッジ,メディアのフルスクラッチ開発をお任せ！macaroniのWebエンジニア,https://www.wantedly.com/projects/380059
Webエンジニア,株式会社トラストリッジ,新規開発プロジェクト／自社サービス開発の仲間を募集！Webエンジニア,https://www.wantedly.com/projects/380544
プログラマー・SE,株式会社エムアイ・ラボ,自社内開発 Webエンジニア・プログラマー募集！,https://www.wantedly.com/projects/552019
開発エンジニア,株式会社BitStar,BitStarを技術で加速させるRailsエンジニア募集！,https://www.wantedly.com/projects/502740
Webエンジニア,株式会社TOMAP,プログラミング講師になりたい方募集！あなたのスキルを教育に生かしませんか？,https://www.wantedly.com/projects/477833
データエンジニア,株式会社スタジアム,面接を科学し採用プロセスに変革を起こす！Web面接データエンジニア募集！,https://www.wantedly.com/projects/550775
バックエンドエンジニア/正社員,ラストマイルワークス株式会社,最先端のxR業界で自社サービス開発に携わりたいバックエンドエンジニア募集！,https://www.wantedly.com/projects/625702
アプリケーションエンジニア,ラストマイルワークス株式会社,Node.jsでWeb×VRサービスを開発したいWebエンジニア募集！,https://www.wantedly.com/projects/494913
Railsエンジニア,ENECHANGE株式会社,エネルギーの未来をつくる Ruby on Rails エンジニア募集！,https://www.wantedly.com/projects/17278
アプリエンジニア,ノバルス株式会社,世界を変える！IoTデバイスのアプリ開発エンジニアWanted！,https://www.wantedly.com/projects/346518
バックエンドエンジニア,株式会社hokan,バックエンドエンジニア募集！Django！業界特化型SaaS開発したい人！,https://www.wantedly.com/projects/496476
Webエンジニア／中途,ナイル株式会社,自動車×Techの新規事業！サービス開発を担うWebエンジニアを募集,https://www.wantedly.com/projects/622653
Railsエンジニア,株式会社TRIVEGROUP,動画収益の新常識！芸能人も参画する動画版baseを創るRailsエンジニア,https://www.wantedly.com/projects/480734
バックエンドエンジニア,株式会社Voicy,Go｜未踏の音声産業を創るバックエンドエンジニアをWANTED！,https://www.wantedly.com/projects/619249
サービス開発WEBエンジニア,株式会社カカクコム,"グルメサイト""食べログ""のサービス開発担当WEBエンジニア募集‼",https://www.wantedly.com/projects/516223
アプリ開発エンジニア,株式会社カカクコム,ライフスタイルメディアの一歩先へ。キナリノのアプリ開発エンジニア募集,https://www.wantedly.com/projects/75108
フルスタックエンジニア,株式会社LITALICO,川上から川下まで一気通貫でプロダクト開発に携わりたいWebエンジニア募集！,https://www.wantedly.com/projects/533999
システムエンジニア,株式会社LITALICO,全国200拠点で働く社員の業務効率化を推進するWebシステム開発！,https://www.wantedly.com/projects/468534
フロント/バックエンド,株式会社LITALICO,新プロダクトの1→10フェーズの開発に携わりたいWebエンジニア,https://www.wantedly.com/projects/399101
1人目の社員募集,株式会社フィンテラス,FX・投資の学習アプリ開発エンジニアの採用！立ち上げメンバーを募集！,https://www.wantedly.com/projects/623427
初の社内モバイルエンジニア,株式会社フィンテラス,FX・投資の学習アプリ開発を手掛けるモバイルエンジニア募集！,https://www.wantedly.com/projects/605973
Webアプリケーション,株式会社ウェルモ,自社開発！スケーラブルなサービスをつくる｜Webアプリケーションエンジニア,https://www.wantedly.com/projects/459272
Webエンジニア,株式会社クラベス,フロントもバックエンドも！新しいことに挑戦したいエンジニアWANTED！！,https://www.wantedly.com/projects/193220
Webエンジニア,リバティーンズ株式会社,AIを活用した自社プロダクト開発で成長したいWebエンジニア募集！,https://www.wantedly.com/projects/577303
Railsエンジニア,SELF株式会社,SaaS×コミュニケーションAIサービスのRailsエンジニア募集,https://www.wantedly.com/projects/586888
Ruby on Rails開発,"KINDLER, Inc.",美容 x AI でRuby on Railsサーバサイドエンジニア募集！,https://www.wantedly.com/projects/619271
Webエンジニア,Sky株式会社,WEB系開発エンジニア 募集！！,https://www.wantedly.com/projects/544475
バックエンドエンジニア,株式会社BluAge,スタートアップでIPO目指して一緒に成長！バックエンドエンジニア募集！,https://www.wantedly.com/projects/612786
アプリ/WEB/インフラ,Nadia株式会社,自社サービスのグロースに注力したいアプリ/WEBエンジニア募集！,https://www.wantedly.com/projects/198936
バックエンドエンジニア,株式会社システム・コミュニケート,幅広い開発案件を通じて、バックエンド開発スキルを身につけませんか？,https://www.wantedly.com/projects/486222
Railsエンジニア,株式会社Rebase,Railsエンジニア｜空間と人のマッチングプラットフォームの根幹を支える,https://www.wantedly.com/projects/120979
Railsエンジニア,エースチャイルド株式会社,Railsエンジニア | 成長中の自社プロダクトを一緒に育てる仲間を募集！,https://www.wantedly.com/projects/620155
バックエンドエンジニア,株式会社estie,業界の基盤を作りあげる！Rails経験のあるリードエンジニア募集！,https://www.wantedly.com/projects/461347
機械学習エンジニア,株式会社pluszero,世界初のシステム開発PJTにも参画実績あり！技術を磨ける機械学習エンジニア,https://www.wantedly.com/projects/597423
Webエンジニア,GMO医療予約技術研究所株式会社,医療系自社クラウドサービスを開発するWEBエンジニア募集中！！,https://www.wantedly.com/projects/546858
アプリ開発エンジニア,イグニション・ポイント インサイト株式会社,キャリアパスをサポートします！スキルアップしたいアプリ開発エンジニア募集！,https://www.wantedly.com/projects/604444
Rails エンジニア,株式会社grooves,HR×ITサービスを盛り上げるRailsエンジニア募集！,https://www.wantedly.com/projects/374405
リードエンジニア,株式会社Wizleap,初心者OK、オンラインOK、渋谷！東大卒CTO直下でエンジニア募集中！,https://www.wantedly.com/projects/543595
Webエンジニア/未経験歓迎,株式会社ミラスタ,人柄重視！自ら勉強してWebエンジニアを目指している方大募集！,https://www.wantedly.com/projects/621870
フロント、バックエンド,AIエンジニアリング株式会社,好きな場所・時間で自社開発に関わりWebエンジニアを募集！,https://www.wantedly.com/projects/615215
Webエンジニア,株式会社メディカルフロンティア,100％自社開発！業界大手美容クリニックのWEBエンジニア募集,https://www.wantedly.com/projects/597034
プログラミング勉強した人,ディップ株式会社,プログラミング勉強した人は、ドレッドとエンジニアについて話そう,https://www.wantedly.com/projects/458625
バックエンドエンジニア,ソフトバンク株式会社,自動運転車を実用化！プラットフォーム開発を支えるバックエンドエンジニア,https://www.wantedly.com/projects/460762
サーバーサイドエンジニア,note株式会社,GoやRailsでnoteのパフォーマンスを高めるサーバーサイドエンジニア,https://www.wantedly.com/projects/341219
Railsエンジニア,"for Startups,Inc",HR領域でサービスを育てていきたいRailsエンジニアをWANTED！！,https://www.wantedly.com/projects/177154
Webエンジニア,株式会社サードスコープ,自社サービスの開発と成長に貢献する、Webエンジニアを募集します。,https://www.wantedly.com/projects/623503
独学 第二新卒 未経験OK,株式会社LIKSON,初心者歓迎！実践を通じバックエンドエンジニアとして急成長したい人を募集！,https://www.wantedly.com/projects/613473
Webエンジニア,キラメックス株式会社,IT×教育｜サービスづくりが好きなRailsエンジニアWANTED！,https://www.wantedly.com/projects/162742
Goエンジニア,株式会社HRBrain,Go経験を活かして、HRTechのバックエンド開発をお任せ！Goエンジニア,https://www.wantedly.com/projects/590217
Webエンジニア,株式会社SP,運用は物足りない。開発をしたい。弊社で叶えられます！Webエンジニア募集,https://www.wantedly.com/projects/410762
モバイルエンジニア,株式会社SP,企画/開発プロジェクトがメイン。Web開発エンジニア募集中！,https://www.wantedly.com/projects/426893
Webエンジニア,株式会社メタリテール・コンサルティング,チーム力勝負！お客様目線でプログラミングしたいエンジニア募集！,https://www.wantedly.com/projects/482129
サーバサイドエンジニア,株式会社Emotion Tech,5億件の感情データで顧客体験を可視化するRailsエンジニア募集！,https://www.wantedly.com/projects/610542
バックエンドエンジニア,株式会社セラク（アグリテック分野）,農業畜産の自社プロダクトを開発したいバックエンドエンジニアWanted！,https://www.wantedly.com/projects/607640
Androidエンジニア,コネヒト株式会社,テーマは家族や子育て。Kotlinでアプリ開発をしたい方Wanted！,https://www.wantedly.com/projects/605400
サーバサイドエンジニア,コルデコ株式会社,自社オリジナルの3D・AIデータベースなどを開発するWebエンジニア募集！,https://www.wantedly.com/projects/450573
バックエンドエンジニア,株式会社HERP,採用領域SaaSバックエンドを開発するNode.js+TSエンジニア募集！,https://www.wantedly.com/projects/545270
アプリケーションエンジニア,"MICIN, Inc.",Webアプリエンジニア／社会的意義の高い医療サービスの設計・開発・運用,https://www.wantedly.com/projects/195700
バックエンドエンジニアMGR,株式会社UPDATA,不動産特化型DXプラットフォームの開発を指揮！バックエンドエンジニアMGR,https://www.wantedly.com/projects/501996
Webエンジニア,アジアクエスト株式会社,Java経験者大募集｜Webアプリケーションエンジニア／受託開発／東京勤務,https://www.wantedly.com/projects/320772
Webエンジニア,株式会社クルイト,新たに挑戦したい方！自社プロダクト開発に携わるwebエンジニア募集！,https://www.wantedly.com/projects/426337
モバイルエンジニア,株式会社クルイト,モバイルエンジニアだけどWeb開発の経験も積みたい方募集！,https://www.wantedly.com/projects/590710
サーバーサイドエンジニア,ノイン株式会社,Ruby on Rails /コスメDXに挑戦したい方、大歓迎！,https://www.wantedly.com/projects/556489
Webエンジニア　SaaS,株式会社EXIDEA,世界的なSEOマーケティングツールを開発するWebエンジニア募集,https://www.wantedly.com/projects/496065
webエンジニア,株式会社Co-LABO MAKER,研究開発の新しいかたちを創造するwebエンジニア募集！,https://www.wantedly.com/projects/390259
PHPプログラマー,株式会社デジタル・デザイナーズ・スタジオ,大手顧客多数のWEBシステム開発会社です！多業種で制限もありません！,https://www.wantedly.com/projects/590084
サーバサイドエンジニア,株式会社スペイシー,世界的スペースマッチンサービスを作るバックエンドエンジニアWANTED！！,https://www.wantedly.com/projects/334469
バックエンドエンジニア,Metaps Inc.,急拡大中話題のSaaS一元管理ツール｜新規事業のRailsエンジニアを募集,https://www.wantedly.com/projects/625399
Webエンジニア,アスニカ株式会社,急成長中の自社RPAサービスの開発を支えるWebエンジニア大募集！,https://www.wantedly.com/projects/326446
Railsエンジニア,株式会社サイバーセキュリティクラウド,SaaS×サイバーセキュリティの上場企業でRailsオタクなエンジニア募集,https://www.wantedly.com/projects/520705
バックエンドエンジニア,株式会社スナックミー,ロジスティクスオペレーション基盤を支えるバックエンドエンジニア募集！,https://www.wantedly.com/projects/434772
ネイティブアプリエンジニア,株式会社エヌエルプラス,SwiftやKotlinなどを利用して、スマホ向けアプリ開発をしませんか？,https://www.wantedly.com/projects/568710
バックエンドエンジニア,株式会社Srush,ベンチャーで裁量権をもってSaaS開発をしたいバックエンドエンジニア募集！,https://www.wantedly.com/projects/621335
ネイティブアプリ開発エンジニア,株式会社イノベーションプラス,働きやすい＆開発に集中できる環境で有名企業のアプリ開発をしませんか？,https://www.wantedly.com/projects/623788
アプリケーション開発エンジニア,株式会社バリーン・スタジオ,新規コンテンツ開発を共に挑めるアプリ開発エンジニア募集します！,https://www.wantedly.com/projects/583336
バックエンドエンジニア,株式会社バリーン・スタジオ,ポストモダンなk8s/Docker環境で開発するバックエンドエンジニア募集,https://www.wantedly.com/projects/624553
Webエンジニア,株式会社　飛躍,バックエンドエンジニア募集！エンタープライズ級ECの設計、開発、運用保守,https://www.wantedly.com/projects/602624
アプリエンジニア,株式会社CINRA,React Nativeエンジニア募集！10代に学びを届けるアプリ開発,https://www.wantedly.com/projects/545605
モバイルエンジニア,ウェルスタイル株式会社,幸せな家族を増やすアプリ開発を担うCTO候補WANTED！,https://www.wantedly.com/projects/10061
Webエンジニア,ウェルスタイル株式会社,新技術も積極的に導入できます！Webエンジニアから開発責任者のポジションへ,https://www.wantedly.com/projects/317658
モバイルエンジニア,（株）Link Sports,アジャイル開発環境でのアプリ開発！スポーツ好きなエンジニア募集！,https://www.wantedly.com/projects/324177
モバイルエンジニア,楽天グループ株式会社（キャリア採用）,楽天だけどベンチャー？！アプリ開発PMさん募集中！,https://www.wantedly.com/projects/221533
バックエンドエンジニア,CO-NECT株式会社,アナログなBtoB受発注領域にイノベーションを！バックエンドエンジニア募集,https://www.wantedly.com/projects/623057
Webエンジニア,シェルフィー株式会社,プログラミングはできるようになってきた…次のキャリアを一緒に考えませんか？,https://www.wantedly.com/projects/602661
サーバサイド エンジニア,株式会社アルファドライブ,法人向けNewsPicksを開発するWebエンジニア募集！,https://www.wantedly.com/projects/506112
サーバーサイドエンジニア,SIVA Inc.,web広告プラットフォームの開発を支えるサーバーサイドエンジニア募集！,https://www.wantedly.com/projects/569303
サーバーサイドエンジニア,マネックス証券株式会社,SIerからWeb系へ！自社サービスの証券システムを開発しませんか？,https://www.wantedly.com/projects/257473
バックエンドエンジニア,bitFlyer,大規模サービスのアーキテクチャを創る！暗号資産取引所バックエンド開発,https://www.wantedly.com/projects/626465
ECサイト構築エンジニア,株式会社サテライトオフィス,WEB開発経験を活かし、急成長を続けるEC領域のプロフェッショナルに成長！,https://www.wantedly.com/projects/618977
Railsエンジニア,株式会社アルダグラム,60兆円市場の建設業界を自社サービスで変革！web開発エンジニア募集！,https://www.wantedly.com/projects/581180
シニアエンジニア,ウリドキ株式会社,フルリモートワーク！C2Bプラットフォームを作るRailsエンジニア募集！,https://www.wantedly.com/projects/303364
Webエンジニア,GMOリサーチ株式会社,グローバル規模のプラットフォーム開発をお任せ！WEBエンジニア募集！,https://www.wantedly.com/projects/608234
Webエンジニア,株式会社Study Valley,経産省×スタートアップ！Railsエンジニア大募集！,https://www.wantedly.com/projects/577644
Webバックエンドエンジニア,株式会社Lang-8,日本発・グローバルサービスの成長を加速するバックエンドエンジニアを募集！,https://www.wantedly.com/projects/605748
Rails エンジニア,株式会社CLEAR,グローバルなEdTechサービスを成長させるRailsエンジニア募集！,https://www.wantedly.com/projects/99704
Webエンジニア,株式会社ビットキー,全軍前進！圧倒的スピードのアジャイル開発に挑戦したいWebエンジニア募集！,https://www.wantedly.com/projects/474105
クラウドシステム開発,株式会社プラスアルファ・コンサルティング,すぐにタスクアサイン！ゴリゴリ開発したい、Webアプリエンジニア募集！,https://www.wantedly.com/projects/591936
Webエンジニア,Supership,国内トップクラスのSSP開発にチャレンジしたいWEBエンジニア募集！,https://www.wantedly.com/projects/55726
バックエンドエンジニア,株式会社もしも,受託開発・開発の外注ゼロ！自社開発にこだわりたいバックエンドエンジニア募集,https://www.wantedly.com/projects/558190
サーバーサイドエンジニア,株式会社AppBrew,企画から実装まで！事業目線でサービスを作りたいサーバサイドエンジニア募集,https://www.wantedly.com/projects/528027
バックエンドエンジニア,株式会社シックスティーパーセント,急成長中！越境ファッションECで世界に挑戦するバックエンドエンジニア大募集,https://www.wantedly.com/projects/498887
サーバーサイド,株式会社MOVE,D2C市場を革新する新規サービスを立ち上げ！サーバーサイドエンジニア募集,https://www.wantedly.com/projects/291709
Webエンジニア,リビン・テクノロジーズ株式会社,東証マザーズ上場/自社メディアを開発するWebプログラマを募集！,https://www.wantedly.com/projects/435924
ＷＥＢ開発エンジニア,ジオ・サーチ株式会社,地下を透視する技術開発！？WEB系エンジニアWANTED！,https://www.wantedly.com/projects/548946
バックエンドエンジニア,株式会社ブルーリンクシステムズ,御用聞きのできるSEの方、プログラムのチカラで病院と命を支えていきませんか,https://www.wantedly.com/projects/547852
クライアントサイドエンジニア,株式会社Mint'zPlanning,自由な働き方で自社サービスの開発に携われるエンジニア募集！！,https://www.wantedly.com/projects/212109
将来的に自社サービス開発も！,有限会社コスミックエンジン,Vue.jsを使ってwebサービス開発をしたいフロントエンジニア募集！,https://www.wantedly.com/projects/577693
サーバーサイドエンジニア,うぶごえ株式会社,新しいクラウドファンディングをグロースさせる！Railsエンジニアを募集！,https://www.wantedly.com/projects/625351
Webエンジニア,株式会社翔泳社,メディアの可能性に挑戦！Web開発が好きな社内エンジニア募集,https://www.wantedly.com/projects/258305
サーバーサイドエンジニア,株式会社ヤプリ,プロダクトの成長をバックエンドから支える！サーバーサイドエンジニア募集,https://www.wantedly.com/projects/378627
Python系Webエンジニア,NABLAS,最先端AI社会実装の現場を支えるPython系Webエンジニア募集！,https://www.wantedly.com/projects/284119
バックエンドエンジニア,株式会社H2O,あなたのプログラミングスキルを存分に発揮できる環境、興味ありませんか？,https://www.wantedly.com/projects/546290
バックエンドエンジニア,株式会社ゴエンアップ,"TS,GraphQLなどモダンな技術を採用！バックエンドエンジニアを募集！",https://www.wantedly.com/projects/517049
Flask / バックエンド,株式会社アダコテック,製造業向け機械学習SaaS の信頼性を高めるバックエンドエンジニア募集！,https://www.wantedly.com/projects/592790
バックエンドエンジニア,株式会社フェズ,バックエンドエンジニア｜データ活用が事業拡大の肝！根幹を創るエンジニア募集,https://www.wantedly.com/projects/545764
バックエンドエンジニア,207株式会社,物流のDXを加速させるバックエンドエンジニア募集！,https://www.wantedly.com/projects/625508
Webエンジニア,株式会社クレスティア,社長がもうプログラム書きたくないって、、、経営に専念したい、、、,https://www.wantedly.com/projects/74222
データサイエンティスト,おいしい健康,フードxヘルステックベンチャーで自社サービスや共同研究のデータ分析！,https://www.wantedly.com/projects/364677
バックエンドエンジニア,株式会社エウレカ,国内最大級のマッチングアプリPairsのバックエンドエンジニアを募集！,https://www.wantedly.com/projects/586425
Webエンジニア,スタークス株式会社,D2C×Tech に貢献したいエンジニアWanted!!,https://www.wantedly.com/projects/563705
バックエンドエンジニア,株式会社LIG,最先端テクノロジーでマーケティング戦略を実現するバックエンドエンジニア,https://www.wantedly.com/projects/265105
Ruby on Rails,株式会社Crunch Style,急成長のtoC向けサブスクリプションサービスでRubyエンジニアを募集！,https://www.wantedly.com/projects/536655
Webエンジニア,スパイスファクトリー株式会社,教育や地方創生など公共性の高い案件に携わりたいWebエンジニア募集！,https://www.wantedly.com/projects/518725
バックエンドエンジニア,株式会社ネットネイティブ,バックエンドエンジニア募集！最も信頼されるニュースメディアへ－モデルプレス,https://www.wantedly.com/projects/552427
Webエンジニア,株式会社Cuolega,飲食業界に価値あるWEBサービスを提供するエンジニア職募集！！,https://www.wantedly.com/projects/400579
バックエンド開発・PHP/Go,株式会社サマリー,年平均成長率300%以上の急成長スタートアップでバックエンドWANTED,https://www.wantedly.com/projects/559150
バックエンドエンジニア,株式会社ツクルバ,新しい住まいの選択肢を創る！SaaS開発をリードするRubyエンジニア募集,https://www.wantedly.com/projects/608956
バックエンドエンジニア,株式会社N-Technologies,シリーズA直前！郵便をデジタル化するサービスでバックエンドエンジニア募集,https://www.wantedly.com/projects/607958
WEBエンジニア,株式会社マイナビ,開発・運用、さらに活用も行う！SQLに強みを持ったWEBエンジニア求む！,https://www.wantedly.com/projects/543124
バックエンドエンジニア,株式会社RECEPTIONIST,Ruby/Railsで最新機能搭載プロダクトを高めるバックエンドエンジニア,https://www.wantedly.com/projects/603779
Webエンジニア,株式会社Aill,"急速な成長を支えるRails,AWS経験を有するバックエンドエンジニア募集",https://www.wantedly.com/projects/616031
バックエンドエンジニア,株式会社バニッシュ・スタンダード,業界No.1の自社サービス！年間150億リクエストを支えるバックエンド募集,https://www.wantedly.com/projects/253980
バックエンドエンジニア,株式会社アンチパターン,6つの事業を展開するアンチパターンでバックエンドエンジニアを募集！,https://www.wantedly.com/projects/452197
Webエンジニア,株式会社ストラテジーアンドパートナー,Ruby、Python、JAVAなんでも書ける理想のフルスタックに！,https://www.wantedly.com/projects/603540
バックエンドエンジニア,株式会社PR TIMES,月間5000万PVのプラットフォーム：バックエンドエンジニア募集！,https://www.wantedly.com/projects/79201
サーバーサイドエンジニア,playground株式会社,Ruby｜エンタメの未来を支える自社サービスの開発エンジニア募集！,https://www.wantedly.com/projects/614879
サーバサイドエンジニア,NEW STANDARD株式会社（旧株式会社TABILABO）,Rubyエンジニア募集！新しいコンテンツ流通モデルを一緒に創りましょう！,https://www.wantedly.com/projects/110355
バックエンドエンジニア,株式会社KabuK Style,住み放題サービスを次なるステージへ導くバックエンドエンジニア募集！,https://www.wantedly.com/projects/401851
バックエンドエンジニア,株式会社ワンキャリア,マイクロサービスアーキテクチャに興味があるバックエンドエンジニア募集中！,https://www.wantedly.com/projects/407403
バックエンドエンジニア,株式会社オロ,技術選定の自由度が高い環境！様々な規模のPJに関わるバックエンドエンジニア,https://www.wantedly.com/projects/178488
バックエンドエンジニア,株式会社カンム,安全な金融サービスを提供するバックエンドエンジニアを募集,https://www.wantedly.com/projects/257533
サーバーサイドエンジニア,株式会社TERASS,新しい働き方で不動産業界にイノベーションを｜バックエンドエンジニア募集,https://www.wantedly.com/projects/610399
バックエンドエンジニア,Fracta Leap,世界の水不足問題の解決に挑むバックエンドエンジニア,https://www.wantedly.com/projects/612669
バックエンドエンジニア,株式会社enechain,日本No.1シェアのエネルギーマーケットを支えるバックエンドエンジニア募集,https://www.wantedly.com/projects/577961
バックエンドエンジニア,株式会社ハイベロシティ,ファンクラブ・ECサイトに興味がある！バックエンドエンジニア大募集！,https://www.wantedly.com/projects/350913
"フルスタックエンジニア,",株式会社ブルード,海外思考のエンジニアの方！代表田中とオンライントークしませんか？,https://www.wantedly.com/projects/379537
WEB開発,株式会社スカイダイニング,Webエンジニア｜自社サービスの継続開発リーダー／メンバー募集,https://www.wantedly.com/projects/620644
バックエンドエンジニア,OpenStreet株式会社,街への貢献を体感できる｜モビリティシェアのバックエンドエンジニア,https://www.wantedly.com/projects/587506
Webエンジニア,株式会社Resilire,リスクマネジメントSaaSのバックエンドエンジニアを募集！/GO言語,https://www.wantedly.com/projects/590883
バックエンドエンジニア,株式会社みらい翻訳,成長フェーズのディープテック企業でバックエンドエンジニアを募集！,https://www.wantedly.com/projects/602851
機械学習エンジニア,株式会社ミツモア,マッチングアルゴリズムを構築する機械学習エンジニア募集！,https://www.wantedly.com/projects/505146
バックエンドエンジニア,株式会社スペースマーケット,シェアリングエコノミーで社会課題を解決するバックエンドエンジニア募集！,https://www.wantedly.com/projects/567377
Backendエンジニア,株式会社カンカク,テクノロジーで新しいライフスタイルをつくる、Backendエンジニア募集！,https://www.wantedly.com/projects/608415
Webエンジニア,株式会社エデュラ,乳幼児の発育を支える保育インフラを作るバックエンドのリードエンジニア募集,https://www.wantedly.com/projects/568799
Webエンジニア/自社開発,xxx株式会社,コロナから宿泊者も、施設運営者も守れるSaaS系クラウドサービスの自社開発,https://www.wantedly.com/projects/528226
サーバーサイドエンジニア,株式会社Datachain,ブロックチェーン事業立ち上げ！バックエンドエンジニア募集！,https://www.wantedly.com/projects/507817
バックエンドエンジニア,BizteX,自由な働き方を実現したいバックエンドエンジニア募集！,https://www.wantedly.com/projects/499884
サーバーサイドエンジニア,株式会社ELEMENTS,拡大中の生体認証xFintechを支える バックエンドエンジニア募集！！,https://www.wantedly.com/projects/317681
Webエンジニア,株式会社イングリウッド,勉強熱心なデータサイエンティストWanted！EC領域で勢いのある会社です,https://www.wantedly.com/projects/273057
Webエンジニア,UUUM株式会社,クリエイターの活動を技術で支える、エンジニアをWanted！,https://www.wantedly.com/projects/417396
PHPエンジニア,ランサーズ株式会社,事業会社のエンジニアになりたい！サーバーサイドエンジニア募集,https://www.wantedly.com/projects/464190
ソフトウェアエンジニア,OLTA株式会社,日本中の中小企業の悩みを解決する！ソフトウェアエンジニア_バックエンド,https://www.wantedly.com/projects/590960
Webエンジニア,株式会社フリークアウト・ホールディングス,新規デジタルサイネージ事業を推進するバックエンドエンジニアの募集,https://www.wantedly.com/projects/623286
バックエンドエンジニア,Creww株式会社,バックエンドエンジニアとしてスタートアップの成長を加速させる仲間を募集！！,https://www.wantedly.com/projects/626449
バックエンドエンジニア,株式会社トラストバンク,国内最大級のふるさと納税サイト、ふるさとチョイスのバックエンドエンジニア,https://www.wantedly.com/projects/613881
Webエンジニア,株式会社ACROVE,小売・ブランドのためのSaaSを。CTO候補のフルスタックエンジニア募集！,https://www.wantedly.com/projects/532407
Webエンジニア,チームラボ,Webサービス・アプリ基盤からIoTまで！チームラボのWebエンジニア,https://www.wantedly.com/projects/21723
バックエンドエンジニア,株式会社Globee,150万ユーザー突破 | abceedを支えるバックエンドエンジニア募集,https://www.wantedly.com/projects/626993
在宅コーダー・コーディング,日本ビジネスアート,全国どこでも働ける！大企業のWebサイト構築をするコーダー・FEを募集！,https://www.wantedly.com/projects/519839
リードエンジニア,LOGZGROUP株式会社,0→1フェーズに関わる！人生を豊かにするプロダクトに力をお貸しください！,https://www.wantedly.com/projects/517070
Webエンジニア,ワンダーラボ株式会社,子どもがワクワクする教育アプリのWebエンジニア募集！,https://www.wantedly.com/projects/569387
Webエンジニア,スタディプラス株式会社,生徒を褒める機会を最大化！これからの教室を支えるWebエンジニア募集！,https://www.wantedly.com/projects/599821
リードエンジニア,POST COFFEE 株式会社,コーヒーxテックのスタートアップ☕コーヒー好きのリードエンジニア募集！,https://www.wantedly.com/projects/360188
iOSエンジニア,dely株式会社,日本一の女性向けメディア、TRILLのiOSエンジニアを募集！,https://www.wantedly.com/projects/539467
リードバックエンドエンジニア,株式会社POL,理系学生と企業をマッチング！自社サービスを担うバックエンドエンジニア募集！,https://www.wantedly.com/projects/616276
データサイエンティスト,株式会社クリーク・アンド・リバー社,#Pythonゴリゴリのデータサイエンティスト募集,https://www.wantedly.com/projects/585925
iOSエンジニア（副業OK！）,株式会社SPRING OF FASHION,ファッションテックの新サービス！業界を変革したいiOSエンジニア募集！,https://www.wantedly.com/projects/606398
WEBエンジニア,株式会社ON,新規サービス立ち上げ！サービス開発・運用を担うWebエンジニア募集！,https://www.wantedly.com/projects/585432
バックエンドエンジニア,TVISION INSIGHTS,バックエンドエンジニア募集！新たな技術選定を行い使えるデータ構築して下さい,https://www.wantedly.com/projects/367379
iOSエンジニア/マネージャー,株式会社エブリー,iOSエンジニアマネージャー募集！日本最大級のレシピ動画メディア運営企業,https://www.wantedly.com/projects/338033
WEBエンジニア,株式会社エー・アイ・エム スタッフ,どんな言語でも開発経験あれば、スピーディーに成長出来る。WEBエンジニア！,https://www.wantedly.com/projects/607591
バックエンドエンジニア,株式会社クラダシ,フードロス削減の社会貢献型ECのバックエンドエンジニア責任者募集,https://www.wantedly.com/projects/534730
チームリーダー候補,"Wantedly, Inc.",開発チームをプロダクト面から支えるWEBエンジニアリーダー募集！,https://www.wantedly.com/projects/471335
バックエンドエンジニア,株式会社ヒュープロ,日本一のメディアを自分の手で作りたいWEBエンジニア募集！,https://www.wantedly.com/projects/353360
アプリケーションエンジニア,Repro Inc.,ハイトラフィックなマーケティングサービスでサービス開発したいエンジニア募集,https://www.wantedly.com/projects/13022
テックリード,株式会社pamxy,Node.js / TypeScript 自社サービス開発エンジニア募集！,https://www.wantedly.com/projects/531708
バックエンドエンジニア,株式会社ライトコード,東京/モダンな開発が出来る環境！WEB系バックエンドエンジニア大募集！,https://www.wantedly.com/projects/624048
ネイティブアプリ開発エンジニア,ドコドア株式会社,Flutterによるアプリ開発をリードするアプリエンジニア募集！,https://www.wantedly.com/projects/533736
サーバサイドエンジニア,Qrio株式会社,Ruby on RailsでIoT製品関連のシステム開発に携わりたい方！,https://www.wantedly.com/projects/619579
Androidエンジニア,Qrio株式会社,Androidエンジニア｜ユーザー数25万人突破のIoT製品連動アプリ開発,https://www.wantedly.com/projects/619586
Android/iOS,株式会社サイバーエージェント キャリア採用,Android/iOS ABEMAやAWAなどの自社アプリ開発エンジニア,https://www.wantedly.com/projects/473036
アドテクエンジニア,株式会社サイバーエージェント キャリア採用,自社メディアの広告配信システムの開発・運用を行うバックエンドエンジニア募集,https://www.wantedly.com/projects/447741
Androidエンジニア,株式会社BEARTAIL,Kotlin/まさかの人力版AWSで自社RPA型SaaSのアプリ開発！,https://www.wantedly.com/projects/88407
Webエンジニア,Quipper Ltd,スタディサプリを開発するWebエンジニア採用中！,https://www.wantedly.com/projects/605693
Webエンジニア,ユアマイスター株式会社,フロント開発を通して、更に応援されるサービスへ！webエンジニア求む！,https://www.wantedly.com/projects/403389
Webエンジニア,株式会社favy,ガイアの夜明けで紹介されました！グルメメディアfavyのエンジニア募集！,https://www.wantedly.com/projects/551398
モバイルエンジニア,株式会社favy,"月間6,700万人が利用するグルメメディアを動かすアプリ開発エンジニア募集",https://www.wantedly.com/projects/70001
開発・バックエンド,パーソルテクノロジースタッフ株式会社,サービス立ち上げ、アプリ開発、それぞれのやりたいをここで実現しませんか？,https://www.wantedly.com/projects/576920