バックエンドエンジニア,株式会社グロシード,Ruby on RailsでECサイト開発！バックエンドエンジニア募集！,https://www.wantedly.com/projects/621649
バックエンドエンジニア,株式会社グロシード,フリーランス歓迎！人生のハンドルを自ら握るバックエンドエンジニア募集！,https://www.wantedly.com/projects/556112
フロントエンドエンジニア,株式会社グロシード,魅せるWEBサイト開発！フロントエンドエンジニア募集！,https://www.wantedly.com/projects/585890
Rubyエンジニア,株式会社グロシード,Ruby on Railsの開発案件でスキルアップを目指すエンジニア募集！,https://www.wantedly.com/projects/394306
バックエンドエンジニア,株式会社グロシード,WEBサイトの機能を開発する！バックエンドエンジニア募集！,https://www.wantedly.com/projects/589851
フロントエンドエンジニア,ちゅくる株式会社,少数精鋭で最高のプロダクトを！ITベンチャーがWEBアプリ開発メンバー募集,https://www.wantedly.com/projects/388868
フロントエンドエンジニア,ちゅくる株式会社,完全100％自社開発のWEBサービス！キャリアを活かしたいエンジニア募集,https://www.wantedly.com/projects/398959
フロントエンドエンジニア,ちゅくる株式会社,WEBの技術屋さん募集！5兆円市場のマッチングサービス開発エンジニア募集,https://www.wantedly.com/projects/391537
フロントエンドエンジニア,ちゅくる株式会社,マッチングサービスWEBアプリを開発！スタートアップ企業がエンジニア募集,https://www.wantedly.com/projects/383718
フロントエンドエンジニア,ちゅくる株式会社,ニューヨークで開発したいフロントエンドエンジニア募集！自社WEBサを作ろう,https://www.wantedly.com/projects/372984
フロントエンドエンジニア,ちゅくる株式会社,マッチングサービスWEBアプリを開発！スタートアップ企業がエンジニア募集,https://www.wantedly.com/projects/401255
フロントエンドエンジニア,ちゅくる株式会社,起業家気質なフロントエンドエンジニア募集！マッチングWEBサービス開発,https://www.wantedly.com/projects/371709
フロントエンドエンジニア,ちゅくる株式会社,貴方のアプリ開発経験を活かしてください！自分の腕に自信のあるエンジニア募集,https://www.wantedly.com/projects/376971
フロントエンドエンジニア,ちゅくる株式会社,デザイナーと連携してWEBサを開発！アプリ開発経験のあるエンジニア募集,https://www.wantedly.com/projects/389661
フロントエンド,ユアマイスター株式会社,webアプリ開発経験者歓迎｜スタートアップに飛び込みたい人Wanted！,https://www.wantedly.com/projects/400798
フロントエンド（リーダー候補）,ユアマイスター株式会社,サービス産業のDXをリードするプラットフォームのWebアプリケーション開発,https://www.wantedly.com/projects/508801
CTO,ドコドア株式会社,アプリ開発・Web制作事業でシステム管理全般を担うCTOを求めています！,https://www.wantedly.com/projects/533742
フロントエンドエンジニア,Qrio株式会社,フロントエンド｜IoT製品連動のWebアプリ開発に携わりたい方募集！,https://www.wantedly.com/projects/615295
バックエンドエンジニア,株式会社ライトコード,東京/BtoC向けWEBシステム開発のバックエンドエンジニア募集！,https://www.wantedly.com/projects/336370
Androidエンジニア,株式会社ライトコード,東京/目指せMAU1億人！アプリ開発のAndroidエンジニア募集！,https://www.wantedly.com/projects/619123
iOSエンジニア,株式会社ライトコード,東京/目指せMAU1億人！アプリ開発のiOSエンジニア大募集！,https://www.wantedly.com/projects/619124
バックエンドエンジニア,株式会社ライトコード,東京/未来を切り拓く！WEBシステム開発のバックエンドエンジニア募集！,https://www.wantedly.com/projects/619120
未経験歓迎！Webエンジニア,株式会社Gizumo,ゲームやアプリ開発に興味をお持ちの方！まずはオンラインでお話しませんか？,https://www.wantedly.com/projects/600210
未経験歓迎／エンジニア,株式会社Gizumo,Web面談受付中！独学中の駆け出しエンジニアをWANTED！,https://www.wantedly.com/projects/587645
Webエンジニア,株式会社Gizumo,プログラミングスクール出身の方！スキルを生かしてエンジニアになりませんか？,https://www.wantedly.com/projects/623274
Webエンジニア,株式会社Gizumo,プログラミングの技術を身につけて社会に貢献したい方WANTED！,https://www.wantedly.com/projects/623508
Webエンジニア,株式会社Gizumo,プログラミングスキルを磨いてクライアントに貢献したい方WANTED！,https://www.wantedly.com/projects/624340
未経験からWebデザイナーへ,LLL inc.,0からスタート！デザインもプログラムもできるWebデザイナーを目指す！,https://www.wantedly.com/projects/355779
未経験からのWebデザイナー,LLL inc.,人柄採用はじめます！私と一緒にWebデザイナーを目指しませんか？,https://www.wantedly.com/projects/439666
在宅/フロントエンド,LLL inc.,自社Webサービスの開発でスキルアップ！コーダー・エンジニア募集！,https://www.wantedly.com/projects/594720
Webデザイナー（プログラマ）,LLL inc.,Webデザイン・コーディングが学べるホームページ制作スタッフをwanted,https://www.wantedly.com/projects/372417
Webデザイナー,LLL inc.,プログラミングからデザインまで！働きながらWEBデザイナーが目指せる,https://www.wantedly.com/projects/392480
アプリ開発エンジニア,株式会社サプライド,アプリ開発エンジニア｜ゲーム・EC・コミュニケーションアプリ等ジャンル多数,https://www.wantedly.com/projects/606602
アプリ開発エンジニア,株式会社サプライド,アプリ開発エンジニア｜ゲーム・EC・コミュニケーションアプリ等ジャンル多彩,https://www.wantedly.com/projects/518751
アプリ開発エンジニア,株式会社サプライド,アプリ開発エンジニア｜ゲーム・EC・コミュニケーションアプリ等ジャンル多彩,https://www.wantedly.com/projects/533257
アプリ開発エンジニア,株式会社サプライド,アプリ開発エンジニア｜ゲーム・EC・コミュニケーションアプリ等ジャンル多彩,https://www.wantedly.com/projects/511358
アプリ開発エンジニア,株式会社サプライド,アプリ開発エンジニア｜ゲーム・EC・コミュニケーションアプリ等ジャンル多彩,https://www.wantedly.com/projects/508889
アプリ開発エンジニア,株式会社サプライド,アプリ開発エンジニア｜ゲーム・EC・コミュニケーションアプリ等ジャンル多彩,https://www.wantedly.com/projects/566924
アプリ開発エンジニア,株式会社サプライド,アプリ開発エンジニア｜ゲーム・EC・コミュニケーションアプリ等ジャンル多彩,https://www.wantedly.com/projects/531136
アプリ開発エンジニア,株式会社サプライド,アプリ開発エンジニア｜ゲーム・EC・コミュニケーションアプリ等ジャンル多彩,https://www.wantedly.com/projects/540820
アプリ開発エンジニア,株式会社サプライド,アプリ開発エンジニア｜ゲーム・EC・コミュニケーションアプリ等ジャンル多彩,https://www.wantedly.com/projects/507207
アプリ開発エンジニア,株式会社サプライド,アプリ開発エンジニア｜ゲーム・EC・コミュニケーションアプリ等ジャンル多彩,https://www.wantedly.com/projects/601728
アプリ開発エンジニア,株式会社サプライド,アプリ開発エンジニア｜ゲーム・EC・コミュニケーションアプリ等ジャンル多彩,https://www.wantedly.com/projects/599026
アプリ開発エンジニア,株式会社サプライド,アプリ開発エンジニア｜ゲーム・EC・コミュニケーションアプリ等ジャンル多数,https://www.wantedly.com/projects/625824
アプリ開発エンジニア,株式会社サプライド,アプリ開発エンジニア｜ゲーム・EC・コミュニケーションアプリ等ジャンル多彩,https://www.wantedly.com/projects/528513
ソフトウェアエンジニア全般,株式会社STARK CONSULTING,プログラミング独学中で働きながら学びたい人募集！,https://www.wantedly.com/projects/492318
エンジニア、プログラマー、SE,株式会社STARK CONSULTING,プログラミングスクール卒業者募集！,https://www.wantedly.com/projects/492321
Rails エンジニア,株式会社STARK CONSULTING,ポートフォリオ作成経験があるRails学習中の方募集！,https://www.wantedly.com/projects/492316
フロントエンドエンジニア,インテリジェントネット株式会社,サーバーサイドと連携したプログラム開発が得意なエンジニア、大募集！,https://www.wantedly.com/projects/101398
プログラミング | 未経験歓迎,株式会社ビヨンドワークス,開発に興味がある方大歓迎！Webエンジニア志望をWANTED！,https://www.wantedly.com/projects/598540
Web面談 | 未経験歓迎,株式会社ビヨンドワークス,既にプログラミングを学ばれている方歓迎です！オンライン面談受付中！,https://www.wantedly.com/projects/622221
エンジニア | 未経験歓迎,株式会社ビヨンドワークス,開発に興味がある方大歓迎！Webエンジニア志望をWANTED！,https://www.wantedly.com/projects/489960
Web面談 | 未経験歓迎,株式会社ビヨンドワークス,既にプログラミングを学ばれている方歓迎です！オンライン面談受付中！,https://www.wantedly.com/projects/606713
Web面談 | 未経験歓迎,株式会社ビヨンドワークス,開発経験問いません！Webエンジニア志望の方お話しませんか？,https://www.wantedly.com/projects/598044
プログラミング | 未経験歓迎,株式会社ビヨンドワークス,開発に興味がある方大歓迎！Webエンジニア志望をWANTED！,https://www.wantedly.com/projects/581758
Web面談 | 未経験歓迎,株式会社ビヨンドワークス,学習好きなあなた！プログラミングを学んでエンジニアになりませんか？,https://www.wantedly.com/projects/610970
プログラミング | 未経験歓迎,株式会社ビヨンドワークス,開発に興味がある方大歓迎！Webエンジニア志望をWANTED！,https://www.wantedly.com/projects/576756
Web面談 | 未経験歓迎,株式会社ビヨンドワークス,開発経験がない方でも！Webエンジニア志望の方お話しませんか？,https://www.wantedly.com/projects/596191
プログラミング | 未経験歓迎,株式会社ビヨンドワークス,開発に興味がある方大歓迎！Webエンジニア志望をWANTED！,https://www.wantedly.com/projects/535393
フロントエンドエンジニア,株式会社モノクロム,フロントエンド & クロスプラットフォームでのアプリ開発経験者募集,https://www.wantedly.com/projects/506707
フロントエンドエンジニア,株式会社サイバーエージェント キャリア採用,ABEMAやAWAなどの自社アプリ開発を担うフロントエンドエンジニア募集！,https://www.wantedly.com/projects/493465
開発エンジニア,パーソルテクノロジースタッフ株式会社,大手クライアント先！iOS、Android向けアプリ開発をしませんか？,https://www.wantedly.com/projects/588713
開発エンジニア,パーソルテクノロジースタッフ株式会社,JavaやPythonでWEB・スマホアプリの開発がしたいエンジニア募集！,https://www.wantedly.com/projects/588330
開発エンジニア,パーソルテクノロジースタッフ株式会社,iOS、Android向けアプリ開発！まずはここでプロを目指しませんか？,https://www.wantedly.com/projects/589478
開発エンジニア,株式会社CLOCK・ON,アプリ開発自事業のサービス拡大！エンジニアWANTED！,https://www.wantedly.com/projects/614980
システムエンジニア,株式会社CLOCK・ON,受託開発事業の拡大に伴ったWebエンジニアを募集します。,https://www.wantedly.com/projects/614979
開発エンジニア,株式会社CLOCK・ON,世の中に便利を！アプリ開発エンジニアWANTED！,https://www.wantedly.com/projects/619459
自社サービス 開発 リモート,Fullon株式会社,ユーザー目線の開発で課題を解決！！チームで開発を行うWebエンジニア募集！,https://www.wantedly.com/projects/482840
自社サービス 開発 リモート,Fullon株式会社,Web系にキャリアチェンジ！モダンな環境で開発したい中堅エンジニアを募集！,https://www.wantedly.com/projects/581519
自社サービス 開発 リモート,Fullon株式会社,モダンな環境でゴリゴリ開発したい中堅WEBエンジニアを募集！,https://www.wantedly.com/projects/623386
フロントエンド,シルタス株式会社,アプリ開発エンジニアの募集！React Native Engineer,https://www.wantedly.com/projects/285621
Webエンジニア,グルーヴ・ギア株式会社,未経験OK！初心者からエンジニアになりませんか？プログラミング学習環境あり,https://www.wantedly.com/projects/161747
モダンな開発がしたいエンジニア,株式会社コーボー,SIや業務系開発→モダンなWeb開発をしたいエンジニアWanted！,https://www.wantedly.com/projects/310369
業務系・SIer出身者歓迎！,株式会社コーボー,キャリアチェンジ歓迎！Web系開発にチャレンジしたいエンジニア募集！,https://www.wantedly.com/projects/560434
スキルアップしたいエンジニア,株式会社コーボー,あなたのスキルアップを応援します！Web/ゲーム系開発エンジニア募集,https://www.wantedly.com/projects/591331
プログラマー（未経験者）,アルテミス株式会社,6月入社募集開始！プログラミングスキルを身につけてエンジニアデビュー!,https://www.wantedly.com/projects/607598
プログラマー（未経験者）,アルテミス株式会社,プログラミングスキルを身につけてエンジニアデビュー!,https://www.wantedly.com/projects/584016
プログラマー（未経験者）,アルテミス株式会社,5月入社募集開始！プログラミングスキルを身につけてエンジニアデビュー!,https://www.wantedly.com/projects/604181
フロントエンドエンジニア,X Mile株式会社,1人目のWebエンジニア／新規サービスのフロントエンド開発をしませんか？,https://www.wantedly.com/projects/478250
フロントエンド,株式会社ナイトレイ,受託開発一切なし！自社WEBサービスを社長やセールスチームと一緒に開発！,https://www.wantedly.com/projects/467606
Webエンジニア,株式会社エイプリルナイツ,webエンジニアwanted！将来自社開発cogmeに携わるチャンスあり！,https://www.wantedly.com/projects/445535
フロントエンドエンジニア,株式会社モノサス,Web制作／開発経験者求む！グローバルに活躍できるフロントエンドエンジニア,https://www.wantedly.com/projects/550193
フロントエンドエンジニア,株式会社モノサス,Web開発のエキスパート募集！グローバルに活躍するフロントエンドエンジニア,https://www.wantedly.com/projects/562604
プログラマー／SE,株式会社アイミン,自分の人生を、自分でデザイン、プログラミングしたい方募集中！,https://www.wantedly.com/projects/593946
プログラマー／SE,株式会社アイミン,自分の人生を、自分でデザイン、プログラミングしたい方募集中！,https://www.wantedly.com/projects/603359
プログラマー／SE,株式会社アイミン,プログラミングを仕事に！レベルの高い育成を受けてITデビューできます。,https://www.wantedly.com/projects/590396
プログラマー／SE,株式会社アイミン,自分の人生は、自分でデザイン、プログラミングする！そんな方を募集中です！,https://www.wantedly.com/projects/605002
プログラマー／SE,株式会社アイミン,自分の人生を、自分でデザイン、プログラミングしたい方募集中！,https://www.wantedly.com/projects/604563
プログラマー／SE,株式会社アイミン,自分の人生をプログラミングしたい方募集中！,https://www.wantedly.com/projects/592971
プログラマー／SE,株式会社アイミン,自分の人生を、自分でデザイン、プログラミングしたい方募集中！,https://www.wantedly.com/projects/594337
PHP/Javaエンジニア,株式会社アスペア,ReactやVue.jsも実務でさわりたい、バックエンド・エンジニア募集！,https://www.wantedly.com/projects/418437
フルリモート案件多数！,株式会社ダイヤモンドファンタジー,働く場所も自分で選べる！自宅で開発に集中したいWEBエンジニアを募集！,https://www.wantedly.com/projects/587327
Webエンジニア,株式会社ダイヤモンドファンタジー,経験を活かして事業立ち上げに挑戦しませんか？WEB開発エンジニア募集！,https://www.wantedly.com/projects/477786
Webエンジニア,株式会社ダイヤモンドファンタジー,成長ベンチャーで開発をリードしていきたいWebエンジニアを募集！,https://www.wantedly.com/projects/600404
Webエンジニア,株式会社ダイヤモンドファンタジー,キャリアパス、働く場所、開発案件、どれも譲れないWEBエンジニアを募集！,https://www.wantedly.com/projects/587374
システムエンジニア,株式会社エヌ・アンド・アイ・システムズ,"WEBシステム・API開発をしたいJava,Pythonエンジニア募集！",https://www.wantedly.com/projects/428550
WEB開発エンジニア,株式会社エヌ・アンド・アイ・システムズ,"Python,Javaエンジニア募集！WEBシステム・API開発を。",https://www.wantedly.com/projects/599868
フロントエンドエンジニア,株式会社エクスコア,Vue.jsを極めたいフロントエンドエンジニア募集！,https://www.wantedly.com/projects/477545
Webアプリエンジニア,エアステージ株式会社,自社内開発が本格始動！自由な開発環境が手に入るWEBアプリエンジニア,https://www.wantedly.com/projects/567229
フロントエンド、バックエンド,LIDDELL株式会社,インフルエンサーの悩みを解決してくれる、そんなエンジニアを募集！,https://www.wantedly.com/projects/192048
フロントエンドエンジニア,Kabuku Inc.,デジタルものづくりWebサービスを開発するフロントエンドエンジニア募集！,https://www.wantedly.com/projects/430412
フロントエンド、バックエンド,LEAN PATH 株式会社,日本から世界に向けて価値提供できるフロント＆バックエンドエンジニア募集！,https://www.wantedly.com/projects/554983
フルスタックエンジニア,株式会社コンテンツワン,ヘルスケア系予約サイトの開発に携わる Webエンジニアを募集！,https://www.wantedly.com/projects/332061
WEBエンジニア,株式会社NEOPA,トレンド技術を使って幅広いWebやアプリ案件を進める開発メンバーを募集！,https://www.wantedly.com/projects/287137
アプリケーションエンジニア,株式会社VITA,エンジニアとして次のステージへ！アプリ開発チームの立上げメンバーを大募集！,https://www.wantedly.com/projects/539425
エンジニア｜中途経験者,株式会社VITA,エンジニアとして更なる高みへ！アプリ開発チームの立ち上げメンバーを募集！,https://www.wantedly.com/projects/553437
アプリケーションエンジニア,株式会社VITA,エンジニアとして埋もれたくない…アプリ開発チームを立ち上げてみませんか？,https://www.wantedly.com/projects/544476
開発 アプリ PM PL,株式会社トラストコーポレーション,成長できる環境で開発がしたい！成長意欲溢れるWEBエンジニアを募集！,https://www.wantedly.com/projects/510767
フロントエンドエンジニア,ビットバンク株式会社,Webフロント技術を磨きたい方。暗号資産取引所で一緒に開発しませんか？,https://www.wantedly.com/projects/293782
フロントエンド（UI/UX）,モビルス株式会社,React.jsを使ったWebアプリケーション開発経験をお持ちの方！,https://www.wantedly.com/projects/575887
Webエンジニア,株式会社ラスファクトリー,一緒に楽器弾きながら開発してくれるWebエンジニア募集！,https://www.wantedly.com/projects/267965
第二新卒／未経験 歓迎,株式会社untitled,実務なしでOK。０から本気でWEBエンジニアを目指してみませんか？,https://www.wantedly.com/projects/602386
フロントエンドエンジニア,株式会社マイベスト,ユーザーの使い勝手にこだわりたい！フロントエンドエンジニア募集！,https://www.wantedly.com/projects/572706
フロントエンドエンジニア,株式会社Roseau Pensant,仲間と共に新技術を追求し続けるフロントエンドエンジニアを募集！,https://www.wantedly.com/projects/275956
フロントエンドエンジニア,株式会社Pathee,バックエンドまでやりたい方に！デジタル販促プラットフォームのフロントエンド,https://www.wantedly.com/projects/547613
フロントエンドエンジニア,AnyMind Group,Reactエンジニア｜Google認定パートナーとして先端技術を身に着ける,https://www.wantedly.com/projects/622425
フロントエンジニア,株式会社ポイント,バックエンドからのコンバート大歓迎!! フロントエンド募集!!,https://www.wantedly.com/projects/615936
フロントエンドエンジニア,スプレッドシステムズ株式会社,意欲ある駆出しエンジニアの方も歓迎！Webフロントエンドエンジニアを募集,https://www.wantedly.com/projects/464803
フロントエンドディベロッパー,株式会社スタジオディテイルズ,東京・名古屋|最新Web表現に挑みUXを最大化するフロントエンドエンジニア,https://www.wantedly.com/projects/357457
フロントエンドエンジニア,株式会社AVILEN,マーケも開発もやりたいWEBエンジニア募集！Wordpress経験者優遇,https://www.wantedly.com/projects/360139
フロントエンドエンジニア,株式会社アプトポッド,使いやすいWebアプリでUX最大化！IoTプラットフォーム開発の仲間大募集,https://www.wantedly.com/projects/19712
Webエンジニア,株式会社GIG,実践経験を積みたい第二新卒歓迎！新たなサービス開発を担うWebエンジニア,https://www.wantedly.com/projects/442629
フロントエンドエンジニア,株式会社GIG,Webサービス開発におけるテックリード！フロントエンドエンジニア募集,https://www.wantedly.com/projects/318641
未経験フロントエンドエンジニア,株式会社GIG,経験よりも意欲を重視！Web開発を極めたいフロントエンドエンジニアを募集,https://www.wantedly.com/projects/313444
フロントエンドエンジニア,株式会社GIG,WEBサービス開発に挑戦！スキルアップを目指すフロントエンドエンジニア,https://www.wantedly.com/projects/233370
フロントエンドエンジニア,株式会社ハウテレビジョン,ReactNativeでのアプリ開発に挑戦したいフロントエンドエンジニア！,https://www.wantedly.com/projects/383891
フロントエンド｜サーバーサイド,ソネオス株式会社,大人の再挑戦！プログラミング独学を諦めた人でも確実にエンジニアへ！,https://www.wantedly.com/projects/435970
フロントエンドエンジニア,株式会社アイリッジ,FANSHIPを活用したアプリ開発を担う、フロントエンドエンジニア募集,https://www.wantedly.com/projects/27496
フロントエンドエンジニア,株式会社ヘッドジャパン,自社内開発｜バズるモノより長く使われるモノをつくりたいwebエンジニア募集,https://www.wantedly.com/projects/399457
フロントエンドエンジニア,株式会社TAM,PWAやSPAなどモダンなWEBフロントエンド開発を追求するエンジニア募集,https://www.wantedly.com/projects/237014
フロントエンド（シニア）,セーフィー株式会社,自社プロダクトを技術力でグロースするWebサービス開発チームのリーダー候補,https://www.wantedly.com/projects/561030
フロントエンド（オープン）,セーフィー株式会社,幅広い技術に触れたい方！SPAのWebサービス開発に携わるエンジニア募集！,https://www.wantedly.com/projects/613799
Webデザイナー/コーダー,株式会社いろはにぽぺと,会社でアニメをスクリーン上映会！？ アニメオタクをWebデザイナーに！,https://www.wantedly.com/projects/106664
バックエンドエンジニア,株式会社Nextat,プログラミングが大好きな方、一緒に働きませんか？,https://www.wantedly.com/projects/454597
フロントエンジニア,株式会社whitecanvas,WEB制作から事業開発まで！幅広く活躍できるフロントエンジニア募集！,https://www.wantedly.com/projects/609062
Webフロントエンジニア,クラスメソッド株式会社,Webフロントエンジニア募集！開発リーダーとして設計・開発などを担当！,https://www.wantedly.com/projects/394174
Webフロントエンドエンジニア,キラメックス株式会社,事業成長とUXを考え行動できるWebフロントエンドエンジニア募集！,https://www.wantedly.com/projects/385628
フロントエンドエンジニア,株式会社ドリームオンライン,当社Web開発の中心で活躍する、経験豊富なフロントエンドエンジニア募集中！,https://www.wantedly.com/projects/342514
フロントエンドエンジニア,株式会社ドリームオンライン,当社のWEB開発をリードし成長させる、フロントエンジニアを募集！,https://www.wantedly.com/projects/372597
フロントエンドエンジニア,株式会社ドリームオンライン,WEB開発に自信のある、経験豊富なプログラマーを募集中！,https://www.wantedly.com/projects/391858
フロントエンドエンジニア,株式会社Tsunagu.AI,Web開発の世界を変える、FRONT-END.AI活用エンジニア募集！,https://www.wantedly.com/projects/383329
バックエンドエンジニア,株式会社GLITTERS,Go言語学べます！大手メッセージアプリ開発・運用！,https://www.wantedly.com/projects/598034
フロントエンドエンジニア,Global Mobility Service株式会社,やっぱりプログラミングが好き！世界の17億人を救うサービス開発メンバー募集,https://www.wantedly.com/projects/612007
CTO,init株式会社,CTO募集！最もありがとうと言われるプログラミングスクール作りませんか？,https://www.wantedly.com/projects/593757
CTO,init株式会社,日本一のiOS特化プログラミングスクールを一緒に立ち上げるCTO募集中！！,https://www.wantedly.com/projects/585261
CTO,init株式会社,CTO募集！iOS特化のプログラミングスクールを立ち上げよう！,https://www.wantedly.com/projects/581563
フロントエンドエンジニア,株式会社ビットエー,ハイクオリティな開発体制でWEBサービスの品質を支えるエンジニア募集,https://www.wantedly.com/projects/613595
フロントエンドエンジニア,株式会社ビットエー,ユーザー満足度の高いWEBサービスを開発するフロントエンドエンジニア募集,https://www.wantedly.com/projects/624957
フロントエンドエンジニア,株式会社CIN GROUP,知識・経験がなくてもエンジニアに！？安心のプログラミング研修付き！,https://www.wantedly.com/projects/621837
フロントエンドエンジニア,株式会社CIN GROUP,知識・経験がなくてもエンジニアに！？安心のプログラミング研修付き！,https://www.wantedly.com/projects/618920
フロントエンドエンジニア,株式会社CIN GROUP,知識・経験がなくてもエンジニアに！？安心のプログラミング研修付き！,https://www.wantedly.com/projects/615650
フロントエンドエンジニア,株式会社CIN GROUP,知識・経験がなくてもエンジニアに！？安心のプログラミング研修付き！,https://www.wantedly.com/projects/620176
フロントエンドエンジニア,株式会社CIN GROUP,知識・経験がなくてもエンジニアに！？安心のプログラミング研修付き！,https://www.wantedly.com/projects/624811
フロントエンド（リーダー候補）,株式会社イーリバースドットコム,モダンWeb開発等新技術積極活用！フロントエンドエンジニアリーダー候補！,https://www.wantedly.com/projects/514788
webエンジニア,株式会社HUNTER,フリーランスになる前に、実績作りとしてサービス開発を手伝ってくれる方募集中,https://www.wantedly.com/projects/293097
Webエンジニア,株式会社アフェックス,社内イベント多数！大手企業の案件開発を担うサーバーサイドエンジニア募集！,https://www.wantedly.com/projects/305820
システムエンジニア,株式会社ジェネスティコンサルティング,PythonやRubyで大規模ECサイト構築がしたいエンジニア求む！,https://www.wantedly.com/projects/411981
Webエンジニア,株式会社Smallit,"東京支店のメンバーをwanted!! Python,Ruby等の案件多数有",https://www.wantedly.com/projects/434815
フロントエンドやアプリ開発！,セルプロモート株式会社,Go/Ruby/Javaなど幅広い言語を選択！WEBエンジニア募集！,https://www.wantedly.com/projects/537497