PHPエンジニア募集,セルプロモート株式会社,PHPエンジニア募集！メディア業界のトップアプリを手がける！！,https://www.wantedly.com/projects/508589
Web API/PHP/JS等,セルプロモート株式会社,ブロックチェーンやゲーム系決済サービスほか多数！開発エンジニアWANTED,https://www.wantedly.com/projects/535207
WEB開発エンジニア,セルプロモート株式会社,"PHP,Ruby,Java,C言語...開発大好きなWEBエンジニア募集！",https://www.wantedly.com/projects/528212
PHP/HTML/CSS...,セルプロモート株式会社,JavaScript/Ruby/選択できる技術が幅広い！開発エンジニア募集,https://www.wantedly.com/projects/541298
PHP/Ruby...,セルプロモート株式会社,モダンな開発環境で自身のスキルを発揮しませんか？開発エンジニアWanted,https://www.wantedly.com/projects/517391
Rubyエンジニア募集！,セルプロモート株式会社,Java/Python等、選べる技術！Webシステムの開発エンジニア募集！,https://www.wantedly.com/projects/540038
Ruby/Java/Go...,セルプロモート株式会社,キャリアアップを目指したい！大手企業や有名サービスで開発エンジニア募集！,https://www.wantedly.com/projects/537071
サーバーサイド,株式会社START&ACTION,EC事業のシステム企画・開発に携わりたいエンジニア募集！,https://www.wantedly.com/projects/617440
"Java,PHP",株式会社イルミナ,"Java,PHP開発に自信があるエンジニア募集",https://www.wantedly.com/projects/623142
PHPエンジニア,株式会社イルミナ,弊社と一緒にDX推進しませんか？ある業界を改革します！,https://www.wantedly.com/projects/579615
PHPエンジニア,株式会社イルミナ,弊社ソリューション開発担当のPHPエンジニア募集！フルスタックになれます！,https://www.wantedly.com/projects/519718
UI/UX、PHPエンジニア,株式会社イルミナ,UI/UXを経験し、今後PHPとJavaScript開発を目指している方募,https://www.wantedly.com/projects/612739
Java・C#,株式会社イルミナ,勉強で身に付けた技術を現場で発揮したいJava・C#エンジニア募集！,https://www.wantedly.com/projects/599845
未経験OK WEB,株式会社CREDEAL,実務ナシ、独学のみOK！０からPHPエンジニアとして活躍したい人を募集！,https://www.wantedly.com/projects/583140
未経験 独学 第二新卒 歓迎,株式会社CREDEAL,独学のみ 第二新卒歓迎！０からPHPエンジニアとして成長したい人を募集！,https://www.wantedly.com/projects/585509
"第二新卒,未経験OK WEB",株式会社CREDEAL,実務ナシ、独学のみOK！０からPHPエンジニアとして活躍したい人を募集！,https://www.wantedly.com/projects/595648
第二新卒 未経験OK WEB,株式会社CREDEAL,実務ナシで大丈夫！０から学びPHPエンジニアとして活躍したい人を募集！,https://www.wantedly.com/projects/606583
第二新卒 未経験OK WEB,株式会社CREDEAL,実務・経験ナシOK！０から学びPHPエンジニアとして成長したい人を募集！,https://www.wantedly.com/projects/602495
第二新卒 未経験OK WEB,株式会社CREDEAL,実務ナシでも大丈夫！０から学びPHPエンジニアとして活躍したい人を募集！,https://www.wantedly.com/projects/611625
未経験OK WEB 初心者歓迎,株式会社CREDEAL,実務なし、独学のみ歓迎！０からPHPエンジニアとして活躍したい人を募集！,https://www.wantedly.com/projects/598114
第二新卒 未経験OK WEB,株式会社CREDEAL,０から学びPHPエンジニアとして活躍したい人を募集！実践型の教育で安心！,https://www.wantedly.com/projects/624941
第二新卒 未経験OK WEB,株式会社CREDEAL,実務ナシで大丈夫！０から学びPHPエンジニアとして活躍したい人を募集！,https://www.wantedly.com/projects/616904
第二新卒 未経験OK WEB,株式会社CREDEAL,０から学びPHPエンジニアとして活躍したい人を募集！実務ナシで大丈夫！,https://www.wantedly.com/projects/619684
第二新卒 未経験OK WEB,株式会社CREDEAL,独学のみで大丈夫！０から学びPHPエンジニアとして活躍したい人を募集！,https://www.wantedly.com/projects/624940
未経験OK WEB 第二新卒,株式会社CREDEAL,経験なし、独学のみOK！０からPHPエンジニアとして活躍したい人を募集！,https://www.wantedly.com/projects/598962
PHPエンジニア,チャットプラス株式会社,チャットボット開発| SaaS系スタートアップがPHPエンジニアを募集！,https://www.wantedly.com/projects/566919
Java | PHP,チャットプラス株式会社,チャットボット| AI分野にチャレンジしたいPHP/Javaエンジニア募集,https://www.wantedly.com/projects/577451
スタートアッププログラマー,チャットプラス株式会社,楽しく自社のスタートアップサービスを作るエンジニア　ウォンテッド！,https://www.wantedly.com/projects/254373
Java系エンジニア,チャットプラス株式会社,最先端AIサービスにチャレンジしたいJava系Webエンジニア募集！,https://www.wantedly.com/projects/561594
JavaScript　PHP,株式会社iRup,経験なしからエンジニアへ！JavaScript・PHP学べます‼︎,https://www.wantedly.com/projects/597059
PHPエンジニア　実務なし歓迎,株式会社iRup,実務なしからPHPエンジニアとしてバックエンドのスペシャリストになろう！,https://www.wantedly.com/projects/600457
未経験OK 開発 研修有,株式会社iRup,初心者大歓迎！経験なしから教育カリキュラムでPHPエンジニアへ‼︎,https://www.wantedly.com/projects/597024
JavaScript　PHP,株式会社iRup,JavaScript学んでフロントエンジニアのスペシャリストへ‼️,https://www.wantedly.com/projects/598971
未経験OK 開発 研修有,株式会社iRup,経験なしからバックエンドエンジニアへ｜PHP/CakePHP学べます‼︎,https://www.wantedly.com/projects/619887
Webアプリケーション,株式会社クラベス,"TypeScript,PHP,Kotlin,Python,Rubyで開発！",https://www.wantedly.com/projects/617755
未経験 エンジニア WEB,株式会社Mondo creation,初心者エンジニア集まれ！スキルを爆上げして活躍したいPHPエンジニアを募集,https://www.wantedly.com/projects/591961
未経験歓迎／バックエンド,株式会社Mondo creation,自分のキャリアを広げるスキルを身に付けて活躍したいPHPエンジニアを募集,https://www.wantedly.com/projects/584917
未経験 エンジニア WEB,株式会社Mondo creation,駆け出しエンジニア集まれ！スキルを爆上げして活躍するPHPエンジニアを募集,https://www.wantedly.com/projects/585518
未経験 エンジニア WEB,株式会社Mondo creation,駆け出しエンジニア集え！スキルを爆上げして活躍したいPHPエンジニアを募集,https://www.wantedly.com/projects/626567
未経験 エンジニア WEB,株式会社Mondo creation,初心者エンジニア集まれ！スキルを爆上げして活躍したいPHPエンジニアを募集,https://www.wantedly.com/projects/616815
"PHP,web系,エンジニア",株式会社ルートゼロ,PHPプロジェクト新始動‼PHPエンジニアWANTED‼,https://www.wantedly.com/projects/343749
"JAVA,PHP,Ruby",株式会社ルートゼロ,希望の労働環境で働く*案件を選べる事とすべての情報開示により真の自己実現へ,https://www.wantedly.com/projects/602601
Webエンジニア,株式会社ルートゼロ,WANTED！０からエンジニアを目指しませんか？,https://www.wantedly.com/projects/222627
Webエンジニア,株式会社ルートゼロ,０からMichiを創る！あなたのスキルを活かす環境があります！,https://www.wantedly.com/projects/224328
JAVAエンジニア,株式会社ルートゼロ,業界使用言語1位！今だからこそJAVAエンジニアになろう！,https://www.wantedly.com/projects/364529
SE/PG/エンジニア,株式会社ルートゼロ,キャリアチェンジ大歓迎‼ベンチャー企業で挑戦を楽しもう♪,https://www.wantedly.com/projects/308625
Webエンジニア,株式会社ルートゼロ,CEO直下組織で２００％成長会社の幹部になろう！！！,https://www.wantedly.com/projects/220959
SE/PG募集,株式会社ルートゼロ,CEO直下組織で２００％成長会社の幹部になろう！！！,https://www.wantedly.com/projects/209235
Rubyエンジニア,株式会社ルートゼロ,東京*RubyプロジェクトSTART‼スクール卒生WANTED‼,https://www.wantedly.com/projects/305388
SE/PG/Ruby,株式会社ルートゼロ,関東＊RubyエンジニアWANTED‼リーダー経験積みませんか？,https://www.wantedly.com/projects/332820
"SE,PG,JAVA,RUBY",株式会社ルートゼロ,関東＊WEB系エンジニアWANTED‼急成長ベンチャー企業で成長しよう！,https://www.wantedly.com/projects/337466
サーバーサイドエンジニア,ライフログテクノロジー株式会社,AIヘルステックベンチャーでサーバーサイド開発者募集,https://www.wantedly.com/projects/566246
PHP サーバーサイド,株式会社CONVICTION,ITスタートアップ企業でスキル0からPHPエンジニアにチャレンジ！！,https://www.wantedly.com/projects/539084
PHP サーバーサイド,株式会社CONVICTION,スタートアップ企業でバックエンドエンジニアに挑戦したい方募集！,https://www.wantedly.com/projects/484605
PHP サーバーサイド,株式会社CONVICTION,スタートアップ企業で0からWebサーバーサイドエンジニアに挑戦したい方募集,https://www.wantedly.com/projects/486630
PHP サーバーサイド,株式会社CONVICTION,スタートアップ企業でWebサーバーサイドエンジニアに挑戦したい方募集！,https://www.wantedly.com/projects/477235
PHP サーバーサイド,株式会社CONVICTION,スタートアップベンチャーでPHPエンジニアに挑戦したい方募集,https://www.wantedly.com/projects/512117
PHP サーバーサイド,株式会社CONVICTION,ITのスタートアップ企業でスキル0からPHPエンジニアに挑戦したい方を募集,https://www.wantedly.com/projects/528082
PHP サーバーサイド,株式会社CONVICTION,スタートアップ企業で0からPHPエンジニアに挑戦したい方募集,https://www.wantedly.com/projects/489138
PHP サーバーサイド,株式会社CONVICTION,成長中のITベンチャーでスキル0からPHPエンジニアに挑戦したい方を募集！,https://www.wantedly.com/projects/584896
PHP サーバーサイド,株式会社CONVICTION,スタートアップでスキル0から実践と教育を通してPHPエンジニアを目指そう！,https://www.wantedly.com/projects/568516
PHP サーバーサイド,株式会社CONVICTION,スタートアップ企業で0からPHPエンジニアにチャレンジしたい方募集,https://www.wantedly.com/projects/497939
PHP サーバーサイド,株式会社CONVICTION,ベンチャー企業でやりたいを実現！PHPエンジニアにチャレンジしたい方募集,https://www.wantedly.com/projects/603062
PHP サーバーサイド,株式会社CONVICTION,ITスタートアップ企業でスキル0からPHPエンジニアにチャレンジ！！,https://www.wantedly.com/projects/532780
PHP サーバーサイド,株式会社CONVICTION,スタートアップ企業で0からPHPエンジニアにチャレンジしたい方募集,https://www.wantedly.com/projects/610031
バックエンドエンジニア,株式会社トラストコーポレーション,０からを教育を通して一人前のPHPエンジニアを目指してみませんか？,https://www.wantedly.com/projects/510770
バックエンドエンジニア,株式会社トラストコーポレーション,０から研修を通しPHPエンジニアとして知識・スキルを身につけてみませんか？,https://www.wantedly.com/projects/498197
未経験OK　WEBエンジニア,株式会社レナシード,スタートアップで学びながら成長したいPHPエンジニアを募集！第二新卒歓迎,https://www.wantedly.com/projects/585995
未経験OK　WEBエンジニア,株式会社レナシード,初心者OK！事業の成長をクリエイティブでグロースするPHPエンジニアを募集,https://www.wantedly.com/projects/582811
サーバーサイドエンジニア,弁護士ドットコム株式会社,法律×ITで常識を変え続けるSaaS企業に参加したいGoエンジニア募集！,https://www.wantedly.com/projects/600506
サーバーサイドエンジニア,弁護士ドットコム株式会社,署名・捺印のデジタル化を加速するクラウドサインのGoエンジニアWANTED,https://www.wantedly.com/projects/554059
サーバーサイドエンジニア,弁護士ドットコム株式会社,SignUpのニューノーマル！クラウドサインのGoエンジニア募集！,https://www.wantedly.com/projects/534723
サーバーサイドエンジニア,弁護士ドットコム株式会社,成長加速するクラウドサイン！次のフェーズを担うGoエンジニアWANTED！,https://www.wantedly.com/projects/566476
サーバーサイドエンジニア,弁護士ドットコム株式会社,事業成長による技術的チャレンジに参加してくれるGoエンジニアWANTED！,https://www.wantedly.com/projects/582931
サーバーサイドエンジニア,弁護士ドットコム株式会社,開発・営業が一緒にサービスを作る環境！電子契約SaaSのGoエンジニア募集,https://www.wantedly.com/projects/618176
Webエンジニア,株式会社フジボウル,ワークライフバランスに拘って仕事をしたいエンジニア募集,https://www.wantedly.com/projects/604762
エンジニア,株式会社キャパ,WEB開発の経験を活かして、希少価値の高いエンジニアを目指しませんか？,https://www.wantedly.com/projects/486872
未経験OK 開発 アプリ 研修,株式会社kiro,独学のみの方も歓迎！幅広くスキルアップしたいPHPエンジニアを募集！,https://www.wantedly.com/projects/584348
未経験 初心者 大歓迎！,株式会社kiro,一から学び、成長できる環境でサービスを創り出すPHPエンジニアを募集！,https://www.wantedly.com/projects/585538
未経験 初心者 第二新卒歓迎,株式会社Renaxia,ベンチャーでやりたいを実現！0からPHPエンジニアを目指してみませんか？,https://www.wantedly.com/projects/598111
未経験 初心者 第二新卒歓迎,株式会社Renaxia,あなたのやりたいを実現！0からPHPエンジニアを目指してみませんか？研修有,https://www.wantedly.com/projects/584353
未経験 初心者 第二新卒歓迎,株式会社Renaxia,ベンチャーで急成長！0からPHPエンジニアとして開発現場で活躍しませんか？,https://www.wantedly.com/projects/589118
第二新卒 初心者OK 開発,株式会社Espoir,実務なし独学のみOK！最短でPHPエンジニアとして活躍したい人を募集！,https://www.wantedly.com/projects/627973
バックエンドエンジニア,株式会社オータム,0から教育！バックエンドエンジニアとして活躍したいエンジニア募集！,https://www.wantedly.com/projects/571043
バックエンドエンジニア,株式会社オータム,バックエンドエンジニアを募集！教育体制に自信あり！,https://www.wantedly.com/projects/556745
"経験者限定,Java/PHP",Y&I Group株式会社,働き損してない？情報解禁&スキルアップ保証！1年半以上経験者WANTED,https://www.wantedly.com/projects/555030
フリーランスエンジニア,株式会社ワークアズライフ,SESからフリーランスエンジニアになる！社会人２～5年目の方注目！,https://www.wantedly.com/projects/597489
Rubyエンジニア,株式会社ワークアズライフ,フリーランス×長期案件で安定して成長できるエンジニアに！,https://www.wantedly.com/projects/602595
"Ruby,PHPエンジニア",株式会社ワークアズライフ,SESからフリーランスエンジニアになる！大手で長期で働きたい人募集！,https://www.wantedly.com/projects/599263
PHPエンジニア,株式会社ワークアズライフ,フリーランス×長期案件で安定して成長できるエンジニアに！,https://www.wantedly.com/projects/602598
フリーランスエンジニア,株式会社ワークアズライフ,フリーで新しいキャリアを描きたいけどちょっと不安な3年目プログラマー募集！,https://www.wantedly.com/projects/594154
"PM,バックエンド",株式会社ユニレージ,"案件豊富な弊社で,Vue,Java,PHP,AWSフリーランス/社員募集！",https://www.wantedly.com/projects/623132
"React,Java,",株式会社ユニレージ,"案件豊富な弊社で、React,Javaエンジニア募集",https://www.wantedly.com/projects/616239
Webエンジニア,株式会社M&Aクラウド,急成長中のM&Aプラットフォームを支えるエンジニアを募集！,https://www.wantedly.com/projects/513494
Java/PHPエンジニア,株式会社アスペア,個人開発が大好き&設計をさらに学びたい、PHP/Javaエンジニア募集！,https://www.wantedly.com/projects/489063
PHPエンジニア,株式会社ユーティル,BotBの課題解決を狙うDXプラットフォームをグロースさせるエンジニア募集,https://www.wantedly.com/projects/602602
"PHP,JAVA PG SE",株式会社デジタル・デザイナーズ・スタジオ,"大手出向先　プライム案件SES　JAVA,PHPWEB開発！",https://www.wantedly.com/projects/626098
Python Java技術者,株式会社知恵豆,多様な経験を積める環境で活躍できる。Web/クラウドエンジニア募集!,https://www.wantedly.com/projects/623469
システムエンジニア,株式会社アライズ,仕事も遊びも全力で！システムエンジニア募集中です！,https://www.wantedly.com/projects/620093
システムエンジニア,株式会社アライズ,エンジニアとしてもスキルアップ！仲間と一緒に経営も学ぶ！,https://www.wantedly.com/projects/625474
システムエンジニア,株式会社アライズ,サポート充実！一緒にシステム開発ができる仲間募集中です！,https://www.wantedly.com/projects/542776
システムエンジニア,株式会社アライズ,人としても成長ができる環境！一緒にシステム開発ができる仲間募集しています！,https://www.wantedly.com/projects/519400
システムエンジニア,株式会社アライズ,やりたいことができる環境。エンジニア募集中です！,https://www.wantedly.com/projects/608330
Java・C#・HTML他多数,株式会社ゼロベースファクト,裁量大｜WEB・オープン系SEとして、大手の上流工程から携わりませんか？,https://www.wantedly.com/projects/610802
自社開発エンジニア,メディアリンク株式会社,自社パッケージ製品の開発エンジニア募集！100％自社開発です！,https://www.wantedly.com/projects/608071
Java系webエンジニア,株式会社アルス・ウェアー,上流工程からAI、IoTまで！やりたい案件を全力でできる職場です！,https://www.wantedly.com/projects/613877
中途｜社内で開発がしたい,株式会社アルス・ウェアー,SESはもうウンザリ。そしたら社内で開発できる環境で働きませんか？,https://www.wantedly.com/projects/506589
受託開発｜大規模案件｜Java,株式会社アルス・ウェアー,大規模案件お任せします！自分が集中できる環境でステップアップしたい人募集！,https://www.wantedly.com/projects/503648
受託開発したい方、中途,株式会社アルス・ウェアー,SESはもう嫌だ！受託開発×ホワイト環境でのびのび働きません？,https://www.wantedly.com/projects/583737
スクラムチーム（メンバー）,BAMV合同会社,マトモ勢でチーム組みたい、スクラム開発希望者の募集,https://www.wantedly.com/projects/517844
ブリッジSE,株式会社ラクス,日本とベトナムの架け橋へ！Javaが得意なブリッジSEを募集します！,https://www.wantedly.com/projects/553867
Java（楽楽精算）,株式会社ラクス,横澤夏子・滝藤賢一さんCMで話題！楽楽精算のアシスタントマネージャーを募集,https://www.wantedly.com/projects/328744
