ジャンル,タイトル,会社名,URL
Web開発の実績ある方！,セルプロモート株式会社,フロントエンドの開発やアプリ開発！スキル高めのWebエンジニア募集！,https://www.wantedly.com/projects/540854
WEB開発エンジニア,セルプロモート株式会社,"PHP,Ruby,Java,C言語...開発大好きなWEBエンジニア募集！",https://www.wantedly.com/projects/528212
Webエンジニア,株式会社オータム,経験ゼロから3ヶ月でWeb開発現場へ！充実の社内教育プログラムで学べます！,https://www.wantedly.com/projects/610085
WEBエンジニア/未経験,株式会社オータム,東京のスタートアップで、0からWEBエンジニアとして活躍しませんか？,https://www.wantedly.com/projects/571723
WEBエンジニア,株式会社オータム,社内教育プログラムが充実！ゼロからエンジニアになれる環境です！,https://www.wantedly.com/projects/577556
WEBエンジニア,株式会社オータム,将来は自社開発や受託開発をお任せ！WEBエンジニアを目指す方を募集してます,https://www.wantedly.com/projects/592302
Webエンジニア,株式会社オータム,経験ゼロからWeb開発スキルが身につく環境です！第二新卒・ポテンシャル採用,https://www.wantedly.com/projects/613824
Webエンジニア,株式会社オータム,Web開発・ページ製作のスキルを身につけたいエンジニア募集！経験問いません,https://www.wantedly.com/projects/601859
Webエンジニア,株式会社オータム,Web開発の経験を積める環境です！オータムでエンジニアデビューしませんか？,https://www.wantedly.com/projects/625043
Webエンジニア,株式会社オータム,Web開発スキルを身につけたい方募集中！社内教育カリキュラム充実！,https://www.wantedly.com/projects/619364
Webエンジニア,株式会社　要,Web開発・アプリ開発・ゲーム開発まで！あなたのやりたいが要で叶う！,https://www.wantedly.com/projects/622564
Webエンジニア,株式会社　要,モダンな技術、ゲーム開発、アプリ開発！あなたのやりたいを聞かせてください！,https://www.wantedly.com/projects/572806
未経験 エンジニア WEB,株式会社Mondo creation,フロント〜バックエンドまで幅広く知識が身に付けたいWEBエンジニアを募集！,https://www.wantedly.com/projects/598168
未経験 エンジニア WEB,株式会社Mondo creation,フロントエンド〜バックエンドまで幅広く学べる！！プログラマー大募集！！,https://www.wantedly.com/projects/581002
未経験歓迎 WEBエンジニア,株式会社Mondo creation,フロントエンド〜バックエンドまで幅広く学びいたいエンジニアを大募集！！,https://www.wantedly.com/projects/596814
Webエンジニア,株式会社favy,MAツール開発をリードするRuby on Railsエンジニア募集！,https://www.wantedly.com/projects/233604
Androidアプリ開発,株式会社favy,外食産業をテクノロジーで改革！アプリ開発エンジニアWANTED！！,https://www.wantedly.com/projects/247838
iOSアプリ開発エンジニア,株式会社favy,グルメメディアfavyのiOSアプリ開発を支えるSwiftエンジニア募集！,https://www.wantedly.com/projects/295076
Railsエンジニア,イタンジ株式会社,自由度の高い環境で完全自社サービスの開発を進めたいRailsエンジニア募集,https://www.wantedly.com/projects/486511
Railsエンジニア,イタンジ株式会社,Railsエンジニアを募集！業界を変える新サービスの開発に携わりたい方！,https://www.wantedly.com/projects/377013
Railsエンジニア,イタンジ株式会社,成長著しい不動産tech企業でサービス開発！Railsエンジニアを募集！！,https://www.wantedly.com/projects/361928
Railsエンジニア,イタンジ株式会社,不動産×ITのサービス開発！怒涛の成長企業でRailsエンジニアを募集！,https://www.wantedly.com/projects/402011
Railsエンジニア,イタンジ株式会社,RubyonRailsでC向けサービスの開発に携わりたいエンジニア募集！,https://www.wantedly.com/projects/379890
Railsエンジニア,イタンジ株式会社,RubyonRailsで業界を変えるサービスの開発をしたいエンジニア募集！,https://www.wantedly.com/projects/374855
Railsエンジニア,イタンジ株式会社,Railsエンジニア募集！あなたの開発経験で不透明な不動産業界に革命を！,https://www.wantedly.com/projects/551178
Railsエンジニア,イタンジ株式会社,不動産×ITのサービスをまるっと開発！でRailsエンジニアをWANTED,https://www.wantedly.com/projects/421965
Railsエンジニア,イタンジ株式会社,不動産×ITのサービス開発にまるっと関わりたいRailsエンジニアを募集！,https://www.wantedly.com/projects/281027
Webエンジニア,Global Mobility Service株式会社,やっぱりプログラミングが好き！世界の17億人を救うサービス開発メンバー募集,https://www.wantedly.com/projects/593889
Webエンジニア,Global Mobility Service株式会社,やっぱりプログラミングが好き！世界の17億人を救うサービス開発メンバー募集,https://www.wantedly.com/projects/625494
未経験 研修 アプリ WEB,株式会社cleanstyle,ゼロから教育を通じプログラミングを学びたいエンジニア志望の方集まれ！,https://www.wantedly.com/projects/584737
未経験 研修 アプリ WEB,株式会社cleanstyle,ポテンシャル採用！０から教育と実践を通じてWEBエンジニアになりたい人！,https://www.wantedly.com/projects/499595
未経験 研修 アプリ WEB,株式会社cleanstyle,ゼロからプログラミングを学んでいきたいエンジニア志望の方集まれ〜！,https://www.wantedly.com/projects/481356
未経験 第二新卒 歓迎 WEB,株式会社cleanstyle,ゼロから教育を通じプログラミングを学びたいエンジニア志望の方集まれ！,https://www.wantedly.com/projects/608917
未経験 研修 アプリ WEB,株式会社cleanstyle,ゼロから教育を通じプログラミングを学びたいエンジニア志望の方集まれ！,https://www.wantedly.com/projects/491018
自社サービスも視野に入れたい方,株式会社オブジェクティブコード,Pythonが書けるエンジニア！社内の未経験者にプログラミング教育を！,https://www.wantedly.com/projects/611477
プログラミング好き,株式会社オブジェクティブコード,非エンジニアの自社社員にプログラミング教育をしてくれるエンジニアを大募集！,https://www.wantedly.com/projects/617363
未経験OK　WEBエンジニア,株式会社レナシード,スタートアップで経営もプログラミングも身に付けたい初心者エンジニアを募集！,https://www.wantedly.com/projects/577108
初心者・未経験歓迎　WEB開発,株式会社レナシード,働き方自由！WEBエンジニアへキャリアチェンジしたい方募集！,https://www.wantedly.com/projects/592855
Webエンジニア,チャットプラス株式会社,Webエンジニアの経験を活かしてAIサービスの開発しませんか？,https://www.wantedly.com/projects/423518
スタートアップエンジニア,チャットプラス株式会社,Webエンジニアとしての経験を活かしてAIツールの開発に挑戦しませんか？,https://www.wantedly.com/projects/396253
Webエンジニア,チャットプラス株式会社,楽しく自社のAIプロダクト開発/グロースをしたいWebエンジニア大募集！,https://www.wantedly.com/projects/554225
Androidエンジニア,株式会社イルミナ,Kotlinにて新規アプリ開発を担当するAndroidエンジニア,https://www.wantedly.com/projects/560919
モバイルエンジニア,株式会社イルミナ,大手企業でクライアントワーク！モバイル系アプリ開発エンジニアWanted！,https://www.wantedly.com/projects/524001
エンジニア,株式会社キャパ,WEB開発の経験を活かして、希少価値の高いエンジニアを目指しませんか？,https://www.wantedly.com/projects/486872
システムエンジニア,株式会社キャパ,集まれプログラミング好き！ごりごり手を動かしたいエンジニアWanted！,https://www.wantedly.com/projects/504519
Laravelエンジニア,株式会社GIBJapan,Laravelなどバックエンド開発のPLエンジニア募集,https://www.wantedly.com/projects/497742
Webエンジニア,株式会社GIBJapan,爆速でグローバルレベルWEBエンジニア-自社サービス/受託開発/常駐,https://www.wantedly.com/projects/474688
未経験歓迎 ／エンジニア,株式会社プリンチ,独学OK！初心者からエンジニアに！現役講師によるプログラミング学習環境あり,https://www.wantedly.com/projects/581578
未経験/Webエンジニア,FIRST PLAN株式会社,駆け出しエンジニア大募集！自社開発のWebサービスで経験を積んでください！,https://www.wantedly.com/projects/441558
ABAP開発を極めたい方！,Peach株式会社,ただのABAP開発でなく、よりパフォーマンスの高いプログラム組みませんか？,https://www.wantedly.com/projects/625304
Webエンジニア,株式会社LINGs,エンジニア：ゼロから無料プログラム。経験ゼロのあなたをエンジニアの世界へ,https://www.wantedly.com/projects/550882
PHPエンジニア　実務なし歓迎,株式会社iRup,実務なしからPHPエンジニアとしてバックエンドのスペシャリストになろう！,https://www.wantedly.com/projects/600457
未経験OK 開発 研修有,株式会社iRup,フロントエンドもバックエンドも学びたい欲張りエンジニアあつまれ！！,https://www.wantedly.com/projects/610495
未経験OK 開発 研修有,株式会社iRup,経験なしからバックエンドエンジニアへ｜PHP/CakePHP学べます‼︎,https://www.wantedly.com/projects/619887
未経験からエンジニア！,グローバルビジネスソリューション,学ぶなら穏やかな会社で。経験０からWEBエンジニア志望の方を大募集！,https://www.wantedly.com/projects/490863
未経験者、文系卒、大歓迎,グローバルビジネスソリューション,充実の研修×頼れる先輩達。WEBエンジニアデビューに、こんな環境はいかが？,https://www.wantedly.com/projects/514019
バックエンドエンジニア,park&port株式会社,バックエンド開発でアパレル産業を改革するリードエンジニア募集！,https://www.wantedly.com/projects/547554
未経験 研修 アプリ 開発,worthy works 株式会社,ポテンシャル採用！圧倒的開発力をつけたい初心者WEBエンジニアを大募集！,https://www.wantedly.com/projects/518534
iOSエンジニア,init株式会社,SESから自社開発へ！アプリ開発に携わりたいエンジニア募集！！,https://www.wantedly.com/projects/598742
iOSエンジニア,init株式会社,アプリ開発を極めるプロ集団に加わりませんか？,https://www.wantedly.com/projects/593760
Web系エンジニア,INTLOOP株式会社,急成長中の新規WEBサービスを開発担当するエンジニア募集！,https://www.wantedly.com/projects/523766
Web系エンジニア,INTLOOP株式会社,新規WEBサービスの成長を加速させる開発エンジニア募集！,https://www.wantedly.com/projects/537897
開発エンジニア,株式会社ONE WEDGE,大手Webサービスのシステム開発コアメンバー！クラウドエンジニアを大募集,https://www.wantedly.com/projects/542539
Railsエンジニア,株式会社キッチハイク,食でつながる暮らしをつくるリードRailsエンジニア募集,https://www.wantedly.com/projects/213101
中途｜バックエンドエンジニア,株式会社ゼロベースファクト,案件ガチャはもうやめよう。働きやすい会社を作るバックエンドエンジニア募集！,https://www.wantedly.com/projects/578468
無いなら創ればいいじゃない！,株式会社ゼロベースファクト,脱・案件ガチャ。働きやすい会社を創りたい、バックエンドエンジニア募集！,https://www.wantedly.com/projects/619892
WEBエンジニア／未経験OK,株式会社CONVICTION,経験より人柄重視！０から教育を通してWEBエンジニアにキャリアチェンジ！,https://www.wantedly.com/projects/616438
ソフトウェアエンジニア,株式会社ヘルスベイシス,新規サービス立ち上げ！自社 SFA バックエンドエンジニア募集,https://www.wantedly.com/projects/624153
未経験　ITエンジニア,株式会社untitled,チームで刺激をもらいながらWEBエンジニアのキャリアに挑戦したい方を募集！,https://www.wantedly.com/projects/611338
webエンジニア,iChain株式会社,新規自社サービスを開発開始！メインをはれるWebエンジニア募集！,https://www.wantedly.com/projects/621352
webエンジニア,iChain株式会社,モバイルアプリも！webアプリも！自社サービス開発のWebエンジニア募集！,https://www.wantedly.com/projects/627097
webエンジニア,iChain株式会社,新規自社サービスを開発開始！メインをはれるWebエンジニア募集！,https://www.wantedly.com/projects/627157
Webエンジニア,株式会社Samurai,脱SES!自社サービスを開発したいRailsエンジニアを募集！,https://www.wantedly.com/projects/18277
Rubyエンジニア,株式会社コミクリ,Ruby大好きエンジニア Wanted！,https://www.wantedly.com/projects/66778
サーバーサイドエンジニア,株式会社グロービス,新規事業　教育の新たなプラットフォームを作るサーバーサイドエンジニア募集！,https://www.wantedly.com/projects/369562
"Ruby,経験者高待遇",株式会社ルートゼロ,RubyエンジニアWANTED‼Rubyチーム組織拡大中‼,https://www.wantedly.com/projects/379589
Webエンジニア,株式会社ルートゼロ,０からMichiを創る！あなたのスキルを活かす環境があります！,https://www.wantedly.com/projects/224328
"SE,PG,JAVA,RUBY",株式会社ルートゼロ,関東＊WEB系エンジニアWANTED‼急成長ベンチャー企業で成長しよう！,https://www.wantedly.com/projects/337466
"JAVA,PHP,Ruby",株式会社ルートゼロ,希望の労働環境で働く*案件を選べる事とすべての情報開示により真の自己実現へ,https://www.wantedly.com/projects/602601
SE/PG/Ruby,株式会社ルートゼロ,関東＊RubyエンジニアWANTED‼リーダー経験積みませんか？,https://www.wantedly.com/projects/332820
Webエンジニア,株式会社ルートゼロ,WANTED！０からエンジニアを目指しませんか？,https://www.wantedly.com/projects/222627
Webアプリケーション,株式会社クラベス,"TypeScript,PHP,Kotlin,Python,Rubyで開発！",https://www.wantedly.com/projects/617755
Webエンジニア,株式会社クロスブリッジ,全世界30万人利用中！FXバックオフィスを成長させるRubyエンジニア募集,https://www.wantedly.com/projects/482684
サーバーサイドエンジニア,弁護士ドットコム株式会社,法律×ITで常識を変え続けるSaaS企業に参加したいGoエンジニア募集！,https://www.wantedly.com/projects/600506
バックエンドエンジニア,株式会社Nextat,開発環境抜群な京都発のITベンチャーでバリバリ経験を積みたいエンジニア募集,https://www.wantedly.com/projects/395643
バックエンドエンジニア,株式会社Nextat,開発環境抜群な京都発のITベンチャーでバリバリ経験を積みたいエンジニア募集,https://www.wantedly.com/projects/395643
バックエンドエンジニア,株式会社Nextat,受託開発で幅広く経験を積みたい東京のエンジニア募集しています！,https://www.wantedly.com/projects/398545
バックエンドエンジニア,株式会社Nextat,受託開発のITベンチャーでバリバリコードを書きたいエンジニア探してます！,https://www.wantedly.com/projects/390704
バックエンドエンジニア,株式会社Nextat,モダンな環境で開発を望む東京のエキスパートエンジニアを探しています,https://www.wantedly.com/projects/379133
バックエンドエンジニア,株式会社Nextat,東京でコアメンバーとなるバックエンドエンジニアを探しています！,https://www.wantedly.com/projects/387483
バックエンドエンジニア,株式会社Nextat,東京オフィスを牽引してくださるLaravelが好きなエンジニア募集！,https://www.wantedly.com/projects/376029
バックエンドエンジニア,株式会社Nextat,受託開発で様々な案件に触れ成長したい東京のエンジニア探しています！,https://www.wantedly.com/projects/401542
バックエンドエンジニア,株式会社Nextat,モダンな環境で裁量をもって成長したい東京のエンジニア募集！！,https://www.wantedly.com/projects/393673
バックエンドエンジニア,株式会社Nextat,裁量が大きい新設の東京オフィスで活躍したいエンジニア募集！,https://www.wantedly.com/projects/373044
バックエンドエンジニア,株式会社Nextat,裁量権を持って東京で働きたいテックリード募集しています！！,https://www.wantedly.com/projects/380340
バックエンドエンジニア,株式会社Nextat,労働環境が抜群のITベンチャーで成長したい東京のエンジニア募集！,https://www.wantedly.com/projects/389426
バックエンドエンジニア,株式会社Nextat,事業拡大中のITベンチャーでコアメンバーとなるエンジニア探しています！,https://www.wantedly.com/projects/392542
バックエンドエンジニア,株式会社Nextat,様々な案件に触れながら裁量を持って働きたい東京のエンジニア探しています！,https://www.wantedly.com/projects/399667
バックエンドエンジニア,株式会社Nextat,東京オフィスを牽引してくれるテックリード級エンジニア募集しています！,https://www.wantedly.com/projects/377401
バックエンドエンジニア,株式会社Nextat,東京で更なる成長を遂げたいテックリードを探しています！,https://www.wantedly.com/projects/383972
バックエンドエンジニア,株式会社Nextat,明確な目標に向かって走るITベンチャーで裁量を持って働きたいPHPer募集,https://www.wantedly.com/projects/396942
バックエンドエンジニア,株式会社Nextat,東京オフィスを盛り上げてくれてくるPHPer募集しています！,https://www.wantedly.com/projects/374448
バックエンドエンジニア,株式会社Nextat,京都発7期目のITベンチャーの東京オフィスを牽引してくれるエンジニア募集！,https://www.wantedly.com/projects/382257
バックエンドエンジニア,株式会社Nextat,ワークライフバランスを重要視している東京のエンジニア探しています！,https://www.wantedly.com/projects/385862
テックリード,Sasuke Financial Lab株式会社,InsurTechをテックリードするエンジニアWANTED！,https://www.wantedly.com/projects/583961
サーバーサイド,株式会社START&ACTION,EC事業のシステム企画・開発に携わりたいエンジニア募集！,https://www.wantedly.com/projects/617440
未経験OK WEB,株式会社CREDEAL,実務ナシ、独学のみOK！０からPHPエンジニアとして活躍したい人を募集！,https://www.wantedly.com/projects/583140
サーバーサイドエンジニア,ライフログテクノロジー株式会社,AIヘルステックベンチャーでサーバーサイド開発者募集,https://www.wantedly.com/projects/566246
バックエンドエンジニア,株式会社トラストコーポレーション,０からを教育を通して一人前のPHPエンジニアを目指してみませんか？,https://www.wantedly.com/projects/510770
Webエンジニア,株式会社フジボウル,ワークライフバランスに拘って仕事をしたいエンジニア募集,https://www.wantedly.com/projects/604762
未経験OK 開発 アプリ 研修,株式会社kiro,独学のみの方も歓迎！幅広くスキルアップしたいPHPエンジニアを募集！,https://www.wantedly.com/projects/584348
未経験 初心者 第二新卒歓迎,株式会社Renaxia,ベンチャーでやりたいを実現！0からPHPエンジニアを目指してみませんか？,https://www.wantedly.com/projects/598111
第二新卒 初心者OK 開発,株式会社Espoir,実務なし独学のみOK！最短でPHPエンジニアとして活躍したい人を募集！,https://www.wantedly.com/projects/627973
"経験者限定,Java/PHP",Y&I Group株式会社,働き損してない？情報解禁&スキルアップ保証！1年半以上経験者WANTED,https://www.wantedly.com/projects/555030
フリーランスエンジニア,株式会社ワークアズライフ,SESからフリーランスエンジニアになる！社会人２～5年目の方注目！,https://www.wantedly.com/projects/597489
"PM,バックエンド",株式会社ユニレージ,"案件豊富な弊社で,Vue,Java,PHP,AWSフリーランス/社員募集！",https://www.wantedly.com/projects/623132
Webエンジニア,株式会社M&Aクラウド,急成長中のM&Aプラットフォームを支えるエンジニアを募集！,https://www.wantedly.com/projects/513494
Java/PHPエンジニア,株式会社アスペア,個人開発が大好き&設計をさらに学びたい、PHP/Javaエンジニア募集！,https://www.wantedly.com/projects/489063
PHPエンジニア,株式会社ユーティル,BotBの課題解決を狙うDXプラットフォームをグロースさせるエンジニア募集,https://www.wantedly.com/projects/602602
"PHP,JAVA PG SE",株式会社デジタル・デザイナーズ・スタジオ,"大手出向先　プライム案件SES　JAVA,PHPWEB開発！",https://www.wantedly.com/projects/626098
Python Java技術者,株式会社知恵豆,多様な経験を積める環境で活躍できる。Web/クラウドエンジニア募集!,https://www.wantedly.com/projects/623469
システムエンジニア,株式会社アライズ,仕事も遊びも全力で！システムエンジニア募集中です！,https://www.wantedly.com/projects/620093
自社開発エンジニア,メディアリンク株式会社,自社パッケージ製品の開発エンジニア募集！100％自社開発です！,https://www.wantedly.com/projects/608071
Java系webエンジニア,株式会社アルス・ウェアー,上流工程からAI、IoTまで！やりたい案件を全力でできる職場です！,https://www.wantedly.com/projects/613877
スクラムチーム（メンバー）,BAMV合同会社,マトモ勢でチーム組みたい、スクラム開発希望者の募集,https://www.wantedly.com/projects/517844
ブリッジSE,株式会社ラクス,日本とベトナムの架け橋へ！Javaが得意なブリッジSEを募集します！,https://www.wantedly.com/projects/553867
