フルスタックエンジニア,株式会社GLITTERS,モダンなWebアプリ開発をしたいフルスタックエンジニア募集,https://www.wantedly.com/projects/551776
モバイルエンジニア,株式会社GLITTERS,ゴルフ好き必見！ゴルフ場予約アプリ開発！,https://www.wantedly.com/projects/529872
テスター,株式会社GLITTERS,リリース前のPJに携われます！アプリ開発テスター募集,https://www.wantedly.com/projects/567077
PHPエンジニア,スキルエンジン株式会社,京橋で大規模WEBアプリ開発をしたいPHPエンジニア Wanted！！,https://www.wantedly.com/projects/326569
Webエンジニア,株式会社G・B・S,将来のキャリアパスを描きながら働くwebアプリ開発者を積極的に募集！！！,https://www.wantedly.com/projects/558156
Railsエンジニア,株式会社PRUM,これから開発経験を積みたい駆け出しのRailsエンジニア募集！,https://www.wantedly.com/projects/582251
Railsエンジニア,株式会社PRUM,スクールで学習してきた駆け出しRailsエンジニア募集！,https://www.wantedly.com/projects/626662
Railsエンジニア,株式会社mofmof,JavaからRailsに！キャリアチェンジしたいWebエンジニア募集！,https://www.wantedly.com/projects/624734
Railsエンジニア,株式会社mofmof,0→1の開発経験が積める！新規事業で力をつけたいRailsエンジニア募集,https://www.wantedly.com/projects/626865
21卒・第二新卒歓迎,株式会社ヘッドジャパン,完全自社内×受託開発専門の企業で、更に成長したいwebエンジニア募集！,https://www.wantedly.com/projects/426455
21卒・第二新卒歓迎,株式会社ヘッドジャパン,完全自社内開発｜ハイレベルな環境で圧倒的に成長したいwebエンジニア募集,https://www.wantedly.com/projects/450888
Webエンジニア,株式会社カタリストシステム,自社プロダクト開発！Webエンジニアとしてスキルを極めたい方Wanted！,https://www.wantedly.com/projects/423566
バックエンドエンジニア,株式会社カスタメディア,爆速成長中SaaSを開発するバックエンドコアメンバー募集！PHP経験歓迎！,https://www.wantedly.com/projects/613486
バックエンドエンジニア／副業可,株式会社カスタメディア,急成長中のSaaSを支えたい！バックエンドエンジニア募集！PHP経験者歓迎,https://www.wantedly.com/projects/618239
バックエンドエンジニア／副業可,株式会社カスタメディア,急成長中SaaS開発メンバーとしてスキルアップ！＠バックエンドエンジニア,https://www.wantedly.com/projects/620833
バックエンドエンジニア／副業可,株式会社カスタメディア,働き方応相談！爆速成長中シェアエコSaaSのバックエンド開発メンバー募集！,https://www.wantedly.com/projects/616964
バックエンドエンジニア／副業可,株式会社カスタメディア,急成長シェアリングエコノミーのSaaS開発を担うバックエンドエンジニア募集,https://www.wantedly.com/projects/624490
サーバーサイドエンジニア,株式会社フィックスターズ,次世代半導体開発を支えるWebサービス開発／PHP／JavaScript,https://www.wantedly.com/projects/607505
Webエンジニア,株式会社クロノス,Web・モバイル開発｜自由に働ける環境で、心を豊かにする開発をしませんか？,https://www.wantedly.com/projects/402355
サーバーサイドエンジニア,株式会社ALCHEMY,スタートアップで経営もプログラミングも参加したい方！社長が話します！,https://www.wantedly.com/projects/188765
フルスタックエンジニア,株式会社ALCHEMY,フロントエンドからバックエンドまでの研修あり！！プログラマー大募集！！,https://www.wantedly.com/projects/222087
IoTバックエンドエンジニア,クラスメソッド株式会社,AWS IoTを活用したIoTシステムのバックエンド開発！エンジニア募集中,https://www.wantedly.com/projects/459503
バックエンドエンジニア,Fabeee株式会社,スキルの幅を広げ、開発をリードするバックエンドエンジニア募集!!!,https://www.wantedly.com/projects/620311
Webエンジニア,株式会社ワールド情報,先端技術に特化したを開発会社で、一緒にWebサービスを生み出しませんか？？,https://www.wantedly.com/projects/573715
Webエンジニア,株式会社ワールド情報,自社サービスの開発を軸に世の中にインパクトを与えるWebサービスを生み出す,https://www.wantedly.com/projects/539633
Webエンジニア,株式会社ワールド情報,先端技術に特化したを開発会社で、一緒にWebサービスを生み出しませんか？？,https://www.wantedly.com/projects/597640
Webエンジニア,株式会社ワールド情報,自社サービスの開発を軸に世の中にインパクトを与えるWebサービスを生み出す,https://www.wantedly.com/projects/606868
Webエンジニア,株式会社ワールド情報,先端技術に特化したを開発会社で、一緒にWebサービスを生み出しませんか？？,https://www.wantedly.com/projects/592826
Webエンジニア,株式会社ワールド情報,先端技術に特化したを開発会社で、一緒にWebサービスを生み出しませんか？？,https://www.wantedly.com/projects/569133
Webエンジニア,株式会社ワールド情報,先端技術に特化したを開発会社で、一緒にWebサービスを生み出しませんか？？,https://www.wantedly.com/projects/606812
Webエンジニア,株式会社ワールド情報,先端技術に特化したを開発会社で、一緒にWebサービスを生み出しませんか？？,https://www.wantedly.com/projects/601817
エンジニア,株式会社カドベヤ,ReactNative／スマートシティ化に向けてアプリ開発がしたい方募集！,https://www.wantedly.com/projects/624909
エンジニア,株式会社カドベヤ,店予約&順番待ち受付アプリ開発のReactNativeエンジニアを募集中！,https://www.wantedly.com/projects/624550
Webエンジニア,株式会社COLSIS,札幌でグローバルなWebサービスを開発するエンジニア募集,https://www.wantedly.com/projects/337715
WEBエンジニア,株式会社さくらコマース,開発経験を活かして下さい！新しい技術にチャレンジしたいWebエンジニア募集,https://www.wantedly.com/projects/542603
WEBエンジニア,株式会社さくらコマース,オープン・WEB系開発経験者をwanted！自分が進みたい案件を選べる！,https://www.wantedly.com/projects/514856
WEBエンジニア,株式会社さくらコマース,グローバルな環境で成長したい、WEB開発経験者をwanted！,https://www.wantedly.com/projects/511331
管理職×WEBエンジニア,ネクスアローズ株式会社,管理職経験無しでもOK！アプリ開発事業の組織トップ人材Wanted!,https://www.wantedly.com/projects/587689
"未経験,ITエンジニア",株式会社スタッフライフ,現場で学べ、誰よりも成長できる環境でエンジニアを目指したい方を募集！,https://www.wantedly.com/projects/384543
スキルチェンジの相談に乗ります,miracleave株式会社,スキルチェンジOK！仲間と成長したい経験豊富なバックエンドエンジニア募集！,https://www.wantedly.com/projects/566136
システムエンジニア,株式会社エムティーアンドエス,自主自立で課題策を提案！アプリ開発エンジニア・営業のマルチプレイヤー募集！,https://www.wantedly.com/projects/531074
システムエンジニア,株式会社エムティーアンドエス,単なる歯車になんかなりたくない！！というアプリ開発エンジニア募集,https://www.wantedly.com/projects/579340
モバイルエンジニア、WEBエン,株式会社アルスキューブ,フリーランスみたいに自由な働き方！スマホアプリ・Webエンジニア募集！,https://www.wantedly.com/projects/618548
システムエンジニア,株式会社エーエスエル,言語不問！Webアプリ設計・開発。充実した福利厚生と希望に応じた環境を！,https://www.wantedly.com/projects/276902
PL（フルリモート）,株式会社ops-in,地方在住の方も大歓迎です！WEB開発経験を活かしてPLへステップアップ！,https://www.wantedly.com/projects/560423
Salesforceエンジニア,株式会社タンバリン,Salesforce経験が豊富で、Web開発にも興味があるエンジニア募集！,https://www.wantedly.com/projects/578918
エンジニア／プログラマー,PROJECT GROUP株式会社,エンジニア募集！最先端データマーケティングのツール開発に携わりませんか？,https://www.wantedly.com/projects/606645
サービス開発・運用,株式会社WEBEDGE,サービス開発・運用を担うWebエンジニア募集！,https://www.wantedly.com/projects/626863
バックエンドエンジニア,株式会社Libry,EdTechで学びの体験を最大化したいバックエンドエンジニア募集,https://www.wantedly.com/projects/332771
バックエンドエンジニア,株式会社キャラウェブ,AWSを活用してWebサイトの構築を行うバックエンドエンジニア募集!!,https://www.wantedly.com/projects/337800
WEBエンジニア,株式会社SP,運用は物足りない。開発をしたい。弊社で叶えられます！Webエンジニア募集,https://www.wantedly.com/projects/555934
WEBエンジニア,株式会社SP,プログラマーからのキャリアアップ！新規開発メインのWebエンジニア募集,https://www.wantedly.com/projects/552076
WEBエンジニア,株式会社SP,企画/開発プロジェクトがメイン。Web開発エンジニア募集中！,https://www.wantedly.com/projects/549737
Web系エンジニア,INTLOOP株式会社,Pythonで開発に関わりたいWebエンジニアさん、INTLOOPへ！,https://www.wantedly.com/projects/413924
バックエンドエンジニア,株式会社モノクロム,経験者求む！PHP & Go 複業プラットフォームのバックエンドエンジニア,https://www.wantedly.com/projects/449573
インバウンドエンジニア,株式会社プラウドデータ,WEBサイトやWEBサービスの開発などをお任せ！インバウンドエンジニア募集,https://www.wantedly.com/projects/423245
インバウンドエンジニア,株式会社プラウドデータ,暮らしに身近なアプリ開発やインフラ設計などのお仕事。インバウンドエンジニア,https://www.wantedly.com/projects/426044
インバウンドエンジニア,株式会社プラウドデータ,インフラ設計・アプリ開発ができるように！経験０インバウンドエンジニア募集,https://www.wantedly.com/projects/516682
インバウンドエンジニア,株式会社プラウドデータ,誰でもスタート可能！アプリ開発やインフラ整備などのインバウンドエンジニア,https://www.wantedly.com/projects/374007
インバウンドエンジニア,株式会社プラウドデータ,アプリ開発やインフラ設計でプロのインバウンドエンジニアになりませんか？,https://www.wantedly.com/projects/490983